path	branch	head	dirty_entries	ignored_evidence_files	node_modules	node_modules_kind	node_modules_target	dist_dirs	has_public	has_artifacts	has_test_results	merged_into_ship	structural_size_class
C:/Users/david/projects/atomic-acres-browser-arena	agent/rig-weapon-hud-source-20260722	1fe03af1	0	18	yes	real	-	1	yes	yes	yes	no	B_installed_onedist
C:/c/Users/david/projects/atomic-acres-pass68-benchmark-fetch-fix	contrib/dave-gaming-pc/hermes/pass68-benchmark-fetch-fix	aefa2c44	0	2	yes	real	-	1	yes	yes	no	no	B_installed_onedist
C:/tmp/p66-functional-fixes	contrib/dave-gaming-pc/codex/pass66-functional-fixes	b80cf976	0	1	yes	link	/c/Users/david/Documents/Codex/2026-07-25/prepare-a-large-and-elaborate-plan/work/atomic-acres-pass66-integration/node_modules	1	yes	yes	no	no	B_installed_onedist
C:/tmp/p66-interaction-glass-8127	contrib/dave-gaming-pc/codex/pass66-interaction-glass-8127	675df63b	0	42	yes	link	/c/Users/david/Documents/Codex/2026-07-25/prepare-a-large-and-elaborate-plan/work/atomic-acres-pass66-integration/node_modules	1	yes	yes	no	no	B_installed_onedist
C:/tmp/p66-ui-hud-reskin	contrib/dave-gaming-pc/codex/pass66-ui-hud-reskin	ba48d44b	0	57	yes	real	-	1	yes	yes	no	no	B_installed_onedist
C:/tmp/p66audit	contrib/dave-gaming-pc/codex/pass66-final-regression-audit	1fc15265	0	2	yes	link	/c/Users/david/Documents/Codex/2026-07-25/prepare-a-large-and-elaborate-plan/work/atomic-acres-pass66-integration/node_modules	1	yes	yes	no	no	B_installed_onedist
C:/tmp/p66gate	contrib/dave-gaming-pc/codex/pass66-release-gate-hardening	cb0a9882	0	0	yes	link	/c/Users/david/Documents/Codex/2026-07-25/prepare-a-large-and-elaborate-plan/work/atomic-acres-pass66-integration/node_modules	0	yes	no	no	no	C_installed_nodist
C:/tmp/p66provenance	contrib/dave-gaming-pc/codex/pass66-preview-provenance	bd18a14b	0	2	yes	link	/c/Users/david/Documents/Codex/2026-07-25/prepare-a-large-and-elaborate-plan/work/atomic-acres-pass65-integration/node_modules	0	yes	yes	no	no	C_installed_nodist
C:/Users/david/AppData/Local/Temp/aa-tower-verify	(detached)	a764005c	2	2	no	-	-	7	yes	yes	no	yes	D_noinstall_dist
C:/Users/david/AppData/Local/Temp/aa-verify	(detached)	a852a6d9	0	1	yes	real	-	1	yes	yes	no	yes	B_installed_onedist
C:/Users/david/Documents/Codex/2026-07-22/in/work/atomic-acres-gh-pages-pass55	(detached)	40791d89	0	0	no	-	-	0	no	no	no	no	E_noinstall_nodist
C:/Users/david/Documents/Codex/2026-07-22/inspect-all-assets-currently-in-the/work/atomic-acres-terminal-overhaul-20260722	agent/skyline-terminal-overhaul-20260722	f079b0cd	0	0	yes	real	-	1	yes	no	no	no	B_installed_onedist
C:/Users/david/Documents/Codex/2026-07-24/net/work/atomic-acres-pass62-netcode-20260724	contrib/dave-gaming-pc/codex/pass62-netcode-correctness	40cbff44	0	4	yes	real	-	1	yes	yes	no	yes	B_installed_onedist
C:/Users/david/Documents/Codex/2026-07-25/prepare-a-large-and-elaborate-plan/diagnostics/atomic-roi-bisect	(detached)	cbb2ecaa	0	0	yes	link	/c/Users/david/Documents/Codex/2026-07-25/prepare-a-large-and-elaborate-plan/work/atomic-acres-pass65-integration/node_modules	0	yes	no	no	yes	C_installed_nodist
C:/Users/david/Documents/Codex/2026-07-25/prepare-a-large-and-elaborate-plan/work/atomic-acres-pass64-freeze-forensics	(detached)	5075a52d	0	0	yes	real	-	1	yes	no	no	yes	B_installed_onedist
C:/Users/david/Documents/Codex/2026-07-25/prepare-a-large-and-elaborate-plan/work/atomic-acres-pass65-advanced-graphics	contrib/dave-gaming-pc/codex/pass65-advanced-graphics	0cab17b4	0	5	yes	real	-	1	yes	yes	no	no	B_installed_onedist
C:/Users/david/Documents/Codex/2026-07-25/prepare-a-large-and-elaborate-plan/work/atomic-acres-pass65-arsenal-audit-fixes	contrib/dave-gaming-pc/codex/pass65-arsenal-audit-fixes	3a22f114	0	33	yes	real	-	1	yes	yes	yes	no	B_installed_onedist
C:/Users/david/Documents/Codex/2026-07-25/prepare-a-large-and-elaborate-plan/work/atomic-acres-pass65-arsenal-runtime	contrib/dave-gaming-pc/codex/pass65-arsenal-runtime	c1fcc248	0	8	yes	link	/c/Users/david/projects/atomic-acres-production-27e0858/node_modules	1	yes	yes	no	no	B_installed_onedist
C:/Users/david/Documents/Codex/2026-07-25/prepare-a-large-and-elaborate-plan/work/atomic-acres-pass65-bot-catalog	contrib/dave-gaming-pc/codex/pass65-bot-catalog	7afa669c	0	7	yes	link	/c/Users/david/Documents/Codex/2026-07-25/prepare-a-large-and-elaborate-plan/work/atomic-acres-pass65-integration/node_modules	1	yes	yes	no	no	B_installed_onedist
C:/Users/david/Documents/Codex/2026-07-25/prepare-a-large-and-elaborate-plan/work/atomic-acres-pass65-decisions	contrib/dave-gaming-pc/codex/pass65-decisions	95c62836	0	2	yes	link	/c/Users/david/Documents/Codex/2026-07-25/prepare-a-large-and-elaborate-plan/work/atomic-acres-pass65-integration/node_modules	0	yes	yes	no	no	C_installed_nodist
C:/Users/david/Documents/Codex/2026-07-25/prepare-a-large-and-elaborate-plan/work/atomic-acres-pass65-f01	contrib/dave-gaming-pc/codex/pass65-f01	6e70f5c3	0	10	yes	link	/c/Users/david/Documents/Codex/2026-07-25/prepare-a-large-and-elaborate-plan/work/atomic-acres-pass65-integration/node_modules	1	yes	yes	no	no	B_installed_onedist
C:/Users/david/Documents/Codex/2026-07-25/prepare-a-large-and-elaborate-plan/work/atomic-acres-pass65-f02	contrib/dave-gaming-pc/codex/pass65-f02	a78f5575	0	5	yes	link	/c/Users/david/Documents/Codex/2026-07-25/prepare-a-large-and-elaborate-plan/work/atomic-acres-pass65-integration/node_modules	1	yes	yes	no	no	B_installed_onedist
C:/Users/david/Documents/Codex/2026-07-25/prepare-a-large-and-elaborate-plan/work/atomic-acres-pass65-f04-loadout	contrib/dave-gaming-pc/codex/pass65-f04-loadout	3da073d5	0	9	yes	link	/c/Users/david/Documents/Codex/2026-07-25/prepare-a-large-and-elaborate-plan/work/atomic-acres-pass65-integration/node_modules	1	yes	yes	no	no	B_installed_onedist
C:/Users/david/Documents/Codex/2026-07-25/prepare-a-large-and-elaborate-plan/work/atomic-acres-pass65-foundation	contrib/dave-gaming-pc/codex/pass65-foundation	68e9ec34	0	6	no	-	-	0	yes	yes	no	no	D_noinstall_dist
C:/Users/david/Documents/Codex/2026-07-25/prepare-a-large-and-elaborate-plan/work/atomic-acres-pass65-frame-pacing	contrib/dave-gaming-pc/codex/pass65-frame-pacing	13684a8a	0	11	yes	real	-	1	yes	yes	no	no	B_installed_onedist
C:/Users/david/Documents/Codex/2026-07-25/prepare-a-large-and-elaborate-plan/work/atomic-acres-pass65-gunrange-lighting	contrib/dave-gaming-pc/codex/pass65-gunrange-lighting	4197af2b	0	6	yes	real	-	1	yes	yes	no	no	B_installed_onedist
C:/Users/david/Documents/Codex/2026-07-25/prepare-a-large-and-elaborate-plan/work/atomic-acres-pass65-hitl-assets	contrib/dave-gaming-pc/codex/pass65-hitl-assets	90f7b6a8	0	14	yes	link	/c/Users/david/Documents/Codex/2026-07-25/prepare-a-large-and-elaborate-plan/work/atomic-acres-pass65-integration/node_modules	1	yes	yes	no	no	B_installed_onedist
C:/Users/david/Documents/Codex/2026-07-25/prepare-a-large-and-elaborate-plan/work/atomic-acres-pass65-hitl-ui	contrib/dave-gaming-pc/codex/pass65-hitl-ui	e3cc650e	0	22	yes	real	-	1	yes	yes	no	no	B_installed_onedist
C:/Users/david/Documents/Codex/2026-07-25/prepare-a-large-and-elaborate-plan/work/atomic-acres-pass65-hitl-world	contrib/dave-gaming-pc/codex/pass65-hitl-world	d0ab3614	0	39	yes	real	-	1	yes	yes	no	no	B_installed_onedist
C:/Users/david/Documents/Codex/2026-07-25/prepare-a-large-and-elaborate-plan/work/atomic-acres-pass65-house-destruction	contrib/dave-gaming-pc/codex/pass65-house-destruction	227f081b	0	2	yes	link	/c/Users/david/Documents/Codex/2026-07-25/prepare-a-large-and-elaborate-plan/work/atomic-acres-pass65-integration/node_modules	1	yes	yes	no	no	B_installed_onedist
C:/Users/david/Documents/Codex/2026-07-25/prepare-a-large-and-elaborate-plan/work/atomic-acres-pass65-hud-modernize	contrib/dave-gaming-pc/codex/pass65-hud-modernize	328aa5f6	0	33	yes	link	/c/Users/david/Documents/Codex/2026-07-25/prepare-a-large-and-elaborate-plan/work/atomic-acres-pass65-integration/node_modules	1	yes	yes	no	no	B_installed_onedist
C:/Users/david/Documents/Codex/2026-07-25/prepare-a-large-and-elaborate-plan/work/atomic-acres-pass65-killstreak-catalog	contrib/dave-gaming-pc/codex/pass65-killstreak-catalog-authority	1d6f3be3	0	6	yes	real	-	1	yes	yes	no	no	B_installed_onedist
C:/Users/david/Documents/Codex/2026-07-25/prepare-a-large-and-elaborate-plan/work/atomic-acres-pass65-killstreak-runtime	contrib/dave-gaming-pc/codex/pass65-killstreak-runtime	505ec150	0	61	yes	real	-	1	yes	yes	no	no	B_installed_onedist
C:/Users/david/Documents/Codex/2026-07-25/prepare-a-large-and-elaborate-plan/work/atomic-acres-pass65-menu-lifecycle	contrib/dave-gaming-pc/codex/pass65-menu-lifecycle	3d5d3a1d	0	25	yes	real	-	1	yes	yes	no	no	B_installed_onedist
C:/Users/david/Documents/Codex/2026-07-25/prepare-a-large-and-elaborate-plan/work/atomic-acres-pass65-menu-lifecycle-v2	contrib/dave-gaming-pc/codex/pass65-menu-lifecycle-v2	81fb0ab1	0	4	yes	real	-	1	yes	yes	no	no	B_installed_onedist
C:/Users/david/Documents/Codex/2026-07-25/prepare-a-large-and-elaborate-plan/work/atomic-acres-pass65-menu-lifecycle-v3	contrib/dave-gaming-pc/codex/pass65-menu-lifecycle-v3	a6088412	0	5	yes	real	-	1	yes	yes	no	no	B_installed_onedist
C:/Users/david/Documents/Codex/2026-07-25/prepare-a-large-and-elaborate-plan/work/atomic-acres-pass65-obb-collision	contrib/dave-gaming-pc/codex/pass65-obb-collision	fbcbdc0f	0	0	yes	link	/c/Users/david/Documents/Codex/2026-07-25/prepare-a-large-and-elaborate-plan/work/atomic-acres-pass65-integration/node_modules	0	yes	no	no	no	C_installed_nodist
C:/Users/david/Documents/Codex/2026-07-25/prepare-a-large-and-elaborate-plan/work/atomic-acres-pass65-p0	contrib/dave-gaming-pc/codex/pass65-p0	6331400a	0	11	yes	real	-	1	yes	yes	no	yes	B_installed_onedist
C:/Users/david/Documents/Codex/2026-07-25/prepare-a-large-and-elaborate-plan/work/atomic-acres-pass65-preview-motion	contrib/dave-gaming-pc/codex/pass65-preview-motion	2b32c972	0	26	yes	link	/c/Users/david/Documents/Codex/2026-07-25/prepare-a-large-and-elaborate-plan/work/atomic-acres-pass65-integration/node_modules	1	yes	yes	no	no	B_installed_onedist
C:/Users/david/Documents/Codex/2026-07-25/prepare-a-large-and-elaborate-plan/work/atomic-acres-pass65-preview-restore	(detached)	94591a52	0	0	yes	link	/c/Users/david/Documents/Codex/2026-07-25/prepare-a-large-and-elaborate-plan/work/atomic-acres-pass65-integration/node_modules	1	yes	no	no	yes	B_installed_onedist
C:/Users/david/Documents/Codex/2026-07-25/prepare-a-large-and-elaborate-plan/work/atomic-acres-pass65-preview-video	contrib/dave-gaming-pc/codex/pass65-preview-video	48dcb9cb	0	802	yes	real	-	1	yes	yes	no	no	B_installed_onedist
C:/Users/david/Documents/Codex/2026-07-25/prepare-a-large-and-elaborate-plan/work/atomic-acres-pass65-semtex-streaks	contrib/dave-gaming-pc/codex/pass65-semtex-streaks	1133117c	0	15	yes	link	/c/Users/david/Documents/Codex/2026-07-25/prepare-a-large-and-elaborate-plan/work/atomic-acres-pass65-integration/node_modules	1	yes	yes	no	no	B_installed_onedist
C:/Users/david/Documents/Codex/2026-07-25/prepare-a-large-and-elaborate-plan/work/atomic-acres-pass65-sensory-settings	contrib/dave-gaming-pc/codex/pass65-sensory-settings	de9208da	0	6	yes	real	-	1	yes	yes	no	no	B_installed_onedist
C:/Users/david/Documents/Codex/2026-07-25/prepare-a-large-and-elaborate-plan/work/atomic-acres-pass65-skill-evidence-presentation	contrib/dave-gaming-pc/codex/pass65-skill-evidence-presentation	05dd2bcd	0	3	no	-	-	0	yes	yes	no	no	D_noinstall_dist
C:/Users/david/Documents/Codex/2026-07-25/prepare-a-large-and-elaborate-plan/work/atomic-acres-pass65-skill-world-support	contrib/dave-gaming-pc/codex/pass65-skill-world-support	770c0e6c	0	3	no	-	-	0	yes	yes	no	no	D_noinstall_dist
C:/Users/david/Documents/Codex/2026-07-25/prepare-a-large-and-elaborate-plan/work/atomic-acres-pass65-spec-redteam-fix	contrib/dave-gaming-pc/codex/pass65-spec-redteam-fix	a46ec149	0	5	yes	link	/c/Users/david/Documents/Codex/2026-07-25/prepare-a-large-and-elaborate-plan/work/atomic-acres-pass65-integration/node_modules	0	yes	yes	no	no	C_installed_nodist
C:/Users/david/Documents/Codex/2026-07-25/prepare-a-large-and-elaborate-plan/work/atomic-acres-pass65-stability	contrib/dave-gaming-pc/codex/pass65-atomic-stability	53c4b7f0	0	10	yes	real	-	0	yes	yes	no	no	C_installed_nodist
C:/Users/david/Documents/Codex/2026-07-25/prepare-a-large-and-elaborate-plan/work/atomic-acres-pass65-support-redteam	contrib/dave-gaming-pc/codex/pass65-support-redteam	701204d7	0	4	yes	link	/c/Users/david/Documents/Codex/2026-07-25/prepare-a-large-and-elaborate-plan/work/atomic-acres-pass65-integration/node_modules	0	yes	yes	no	no	C_installed_nodist
C:/Users/david/Documents/Codex/2026-07-25/prepare-a-large-and-elaborate-plan/work/atomic-acres-pass65-support-visual-gate	contrib/dave-gaming-pc/codex/pass65-advanced-graphics-audit	e485e631	0	214	yes	link	/c/Users/david/Documents/Codex/2026-07-25/prepare-a-large-and-elaborate-plan/work/atomic-acres-pass65-integration/node_modules	1	yes	yes	no	no	B_installed_onedist
C:/Users/david/Documents/Codex/2026-07-25/prepare-a-large-and-elaborate-plan/work/atomic-acres-pass65-weapon-asset-forge	contrib/dave-gaming-pc/codex/pass65-weapon-asset-forge	2f524f3c	0	204	yes	real	-	1	yes	yes	no	no	B_installed_onedist
C:/Users/david/Documents/Codex/2026-07-25/prepare-a-large-and-elaborate-plan/work/atomic-acres-pass66-adaptive-admission	contrib/dave-gaming-pc/codex/pass66-webgpu-preset-lock	7d8fa819	0	18	yes	link	/c/Users/david/Documents/Codex/2026-07-25/prepare-a-large-and-elaborate-plan/work/atomic-acres-pass66-integration/node_modules	1	yes	yes	no	no	B_installed_onedist
C:/Users/david/Documents/Codex/2026-07-25/prepare-a-large-and-elaborate-plan/work/atomic-acres-pass66-arms	contrib/dave-gaming-pc/codex/pass66-arms	8b58f2d1	0	45	yes	link	/c/Users/david/Documents/Codex/2026-07-25/prepare-a-large-and-elaborate-plan/work/atomic-acres-pass66-integration/node_modules	1	yes	yes	no	no	B_installed_onedist
C:/Users/david/Documents/Codex/2026-07-25/prepare-a-large-and-elaborate-plan/work/atomic-acres-pass66-evidence-finalizer	contrib/dave-gaming-pc/codex/pass66-evidence-finalizer	f41d0e24	0	0	yes	link	/c/Users/david/Documents/Codex/2026-07-25/prepare-a-large-and-elaborate-plan/work/atomic-acres-pass66-integration/node_modules	0	yes	no	no	no	C_installed_nodist
C:/Users/david/Documents/Codex/2026-07-25/prepare-a-large-and-elaborate-plan/work/atomic-acres-pass66-evidence-runner	contrib/dave-gaming-pc/codex/pass66-evidence-runner	1039be19	0	1	yes	real	-	0	yes	no	no	no	C_installed_nodist
C:/Users/david/Documents/Codex/2026-07-25/prepare-a-large-and-elaborate-plan/work/atomic-acres-pass66-integration	contrib/dave-gaming-pc/codex/pass66-integration	8c3ad1cd	0	5	yes	real	-	1	yes	yes	no	yes	B_installed_onedist
C:/Users/david/Documents/Codex/2026-07-25/prepare-a-large-and-elaborate-plan/work/atomic-acres-pass66-media	contrib/dave-gaming-pc/codex/pass66-media	ec8f743d	0	981	yes	real	-	1	yes	yes	no	no	B_installed_onedist
C:/Users/david/Documents/Codex/2026-07-25/prepare-a-large-and-elaborate-plan/work/atomic-acres-pass66-owner-evidence	contrib/dave-gaming-pc/codex/pass66-owner-evidence	8cf644e2	0	3	yes	real	-	0	yes	yes	no	no	C_installed_nodist
C:/Users/david/Documents/Codex/2026-07-25/prepare-a-large-and-elaborate-plan/work/atomic-acres-pass66-release-repairs	contrib/dave-gaming-pc/codex/pass66-release-repairs	6cc6cbb5	0	7	yes	link	/c/Users/david/Documents/Codex/2026-07-25/prepare-a-large-and-elaborate-plan/work/atomic-acres-pass66-integration/node_modules	1	yes	yes	no	no	B_installed_onedist
C:/Users/david/Documents/Codex/2026-07-25/prepare-a-large-and-elaborate-plan/work/atomic-acres-pass66-runtime	contrib/dave-gaming-pc/codex/pass66-runtime	bcd2347a	0	241	yes	link	/c/Users/david/Documents/Codex/2026-07-25/prepare-a-large-and-elaborate-plan/work/atomic-acres-pass65-integration/node_modules	1	yes	yes	no	no	B_installed_onedist
C:/Users/david/Documents/Codex/2026-07-25/prepare-a-large-and-elaborate-plan/work/atomic-acres-pass66-support	contrib/dave-gaming-pc/codex/pass66-support	5ad8b5c5	0	8	yes	link	/c/Users/david/Documents/Codex/2026-07-25/prepare-a-large-and-elaborate-plan/work/atomic-acres-pass65-integration/node_modules	1	yes	yes	no	no	B_installed_onedist
C:/Users/david/Documents/Codex/2026-07-25/prepare-a-large-and-elaborate-plan/work/atomic-acres-pass66-webgpu-performance	contrib/dave-gaming-pc/codex/pass66-webgpu-performance	cdd05bea	0	28	yes	real	-	1	yes	yes	no	no	B_installed_onedist
C:/Users/david/Documents/Codex/2026-07-25/prepare-a-large-and-elaborate-plan/work/atomic-acres-pass66-world	contrib/dave-gaming-pc/codex/pass66-world	ecefb50d	0	8	yes	link	/c/Users/david/Documents/Codex/2026-07-25/prepare-a-large-and-elaborate-plan/work/atomic-acres-pass65-integration/node_modules	1	yes	yes	no	no	B_installed_onedist
C:/Users/david/Documents/Codex/2026-07-25/prepare-a-large-and-elaborate-plan/work/pass65-djmaesen-arms-integration	contrib/dave-gaming-pc/codex/pass65-djmaesen-arms-integration	211d9cca	2	166	no	-	-	0	yes	yes	no	no	D_noinstall_dist
C:/Users/david/Documents/Codex/2026-07-25/prepare-a-large-and-elaborate-plan/work/pass65-drone-motion-audit	contrib/dave-gaming-pc/codex/pass65-drone-motion-audit	916b4602	0	0	yes	link	/c/Users/david/Documents/Codex/2026-07-25/prepare-a-large-and-elaborate-plan/work/atomic-acres-pass65-integration/node_modules	0	yes	no	no	no	C_installed_nodist
C:/Users/david/Documents/Codex/2026-07-25/prepare-a-large-and-elaborate-plan/work/pass65-f-arbitration-fix	contrib/dave-gaming-pc/codex/pass65-f-arbitration-fix	1bbf2fef	0	2	yes	link	/c/Users/david/Documents/Codex/2026-07-25/prepare-a-large-and-elaborate-plan/work/atomic-acres-pass65-integration/node_modules	0	yes	yes	no	no	C_installed_nodist
C:/Users/david/Documents/Codex/2026-07-25/prepare-a-large-and-elaborate-plan/work/pass65-final-menu-previews	contrib/dave-gaming-pc/codex/pass65-final-menu-previews	2d50046b	0	770	yes	link	/c/Users/david/Documents/Codex/2026-07-25/prepare-a-large-and-elaborate-plan/work/atomic-acres-pass65-integration/node_modules	1	yes	yes	no	no	B_installed_onedist
C:/Users/david/Documents/Codex/2026-07-25/prepare-a-large-and-elaborate-plan/work/pass65-final-stability-fixes	contrib/dave-gaming-pc/codex/pass65-final-stability-fixes	5acbbfb8	0	21	yes	link	/c/Users/david/Documents/Codex/2026-07-25/prepare-a-large-and-elaborate-plan/work/atomic-acres-pass65-integration/node_modules	1	yes	yes	no	yes	B_installed_onedist
C:/Users/david/Documents/Codex/2026-07-25/prepare-a-large-and-elaborate-plan/work/pass65-hf135-fire-ray	contrib/dave-gaming-pc/codex/pass65-hf135-fire-ray	2802c16d	0	2	yes	link	/c/Users/david/Documents/Codex/2026-07-25/prepare-a-large-and-elaborate-plan/work/atomic-acres-pass65-integration/node_modules	1	yes	yes	no	no	B_installed_onedist
C:/Users/david/Documents/Codex/2026-07-25/prepare-a-large-and-elaborate-plan/work/pass65-ladder-fix	contrib/dave-gaming-pc/codex/pass65-ladder-fix	1338ecac	0	5	yes	link	/c/Users/david/Documents/Codex/2026-07-25/prepare-a-large-and-elaborate-plan/work/atomic-acres-pass65-integration/node_modules	1	yes	yes	no	no	B_installed_onedist
C:/Users/david/Documents/Codex/2026-07-25/prepare-a-large-and-elaborate-plan/work/pass65-observer-effect-fix	contrib/dave-gaming-pc/codex/pass65-observer-effect-fix	ae72bdb2	0	14	yes	link	/c/Users/david/Documents/Codex/2026-07-25/prepare-a-large-and-elaborate-plan/work/atomic-acres-pass65-integration/node_modules	1	yes	yes	no	no	B_installed_onedist
C:/Users/david/Documents/Codex/2026-07-25/prepare-a-large-and-elaborate-plan/work/pass65-owner-native-gates	contrib/dave-gaming-pc/codex/pass65-owner-native-gates	a9fd5e33	0	2	no	-	-	0	yes	yes	no	no	D_noinstall_dist
C:/Users/david/Documents/Codex/2026-07-25/prepare-a-large-and-elaborate-plan/work/pass65-text-integrity-guard	contrib/dave-gaming-pc/codex/pass65-text-integrity-guard	52602a10	0	0	no	-	-	0	yes	no	no	no	D_noinstall_dist
C:/Users/david/Documents/Codex/2026-07-25/prepare-a-large-and-elaborate-plan/work/pass65-uv-warning-trace	contrib/dave-gaming-pc/codex/pass65-uv-warning-trace	bac3e2c4	0	0	yes	link	/c/Users/david/Documents/Codex/2026-07-25/prepare-a-large-and-elaborate-plan/work/atomic-acres-pass65-integration/node_modules	1	yes	no	no	no	B_installed_onedist
C:/Users/david/Documents/Codex/2026-07-25/prepare-a-large-and-elaborate-plan/work/pass65-wave2-arms	contrib/dave-gaming-pc/codex/pass65-wave2-arms	c5bd341e	75	52	yes	link	/c/Users/david/Documents/Codex/2026-07-25/prepare-a-large-and-elaborate-plan/work/atomic-acres-pass65-integration/node_modules	1	yes	yes	no	yes	B_installed_onedist
C:/Users/david/Documents/Codex/2026-07-25/prepare-a-large-and-elaborate-plan/work/pass65-wave2-chopper	contrib/dave-gaming-pc/codex/pass65-wave2-chopper	5ac03889	0	785	yes	real	-	1	yes	yes	no	no	B_installed_onedist
C:/Users/david/Documents/Codex/2026-07-25/prepare-a-large-and-elaborate-plan/work/pass65-wave2-drone	contrib/dave-gaming-pc/codex/pass65-wave2-drone	0dfef047	0	17	yes	link	/c/Users/david/Documents/Codex/2026-07-25/prepare-a-large-and-elaborate-plan/work/atomic-acres-pass65-integration/node_modules	1	yes	yes	no	no	B_installed_onedist
C:/Users/david/Documents/Codex/2026-07-25/prepare-a-large-and-elaborate-plan/work/pass65-wave2-railgun	contrib/dave-gaming-pc/codex/pass65-railgun-multihit	734ee1c1	0	6	yes	link	/c/Users/david/Documents/Codex/2026-07-25/prepare-a-large-and-elaborate-plan/work/atomic-acres-pass65-integration/node_modules	1	yes	yes	no	no	B_installed_onedist
C:/Users/david/Documents/Codex/2026-07-25/prepare-a-large-and-elaborate-plan/work/pass65-wave2-stability	contrib/dave-gaming-pc/codex/pass65-wave2-stability	c7cccbfd	0	6	yes	link	/c/Users/david/projects/atomic-acres-production-27e0858/node_modules	1	yes	yes	no	no	B_installed_onedist
C:/Users/david/Documents/Codex/2026-07-25/prepare-a-large-and-elaborate-plan/work/pass66-support-presentation-audit	contrib/dave-gaming-pc/codex/pass66-support-presentation-audit	32f820c3	0	9	yes	link	/c/Users/david/Documents/Codex/2026-07-25/prepare-a-large-and-elaborate-plan/work/atomic-acres-pass66-integration/node_modules	1	yes	yes	no	no	B_installed_onedist
C:/Users/david/Documents/Codex/2026-07-25/prepare-a-large-and-elaborate-plan/work/pass66-viewmodel-frame-audit	contrib/dave-gaming-pc/codex/pass66-viewmodel-frame-audit	81de1575	0	0	yes	real	-	1	yes	no	no	no	B_installed_onedist
C:/Users/david/Documents/Codex/2026-07-25/prepare-a-large-and-elaborate-plan/work/smoke-before-aa2ca21	(detached)	aa2ca21e	1	4	yes	link	/c/Users/david/Documents/Codex/2026-07-25/prepare-a-large-and-elaborate-plan/work/atomic-acres-pass65-integration/node_modules	0	yes	yes	no	yes	C_installed_nodist
C:/Users/david/Documents/Codex/2026-07-25/prepare-a-large-and-elaborate-plan/work/smoke-proof-452cf05	(detached)	452cf056	0	4	yes	link	/c/Users/david/Documents/Codex/2026-07-25/prepare-a-large-and-elaborate-plan/work/atomic-acres-pass65-integration/node_modules	0	yes	yes	no	yes	C_installed_nodist
C:/Users/david/Documents/Codex/2026-07-25/set-version-62-to-stable-its/work/atomic-acres-pass63-linux-baseline	(detached)	20df678d	1	2	yes	real	-	1	yes	yes	no	yes	B_installed_onedist
C:/Users/david/Documents/Codex/2026-07-25/set-version-62-to-stable-its/work/atomic-acres-pass63-release	contrib/dave-gaming-pc/codex/pass63-live-stable62	2f6adedd	0	15	yes	real	-	1	yes	yes	yes	yes	B_installed_onedist
C:/Users/david/Documents/Codex/2026-07-25/set-version-62-to-stable-its/work/atomic-acres-pass64-diagnostics	contrib/dave-gaming-pc/codex/pass64-diagnostics	5a7958cb	0	18	yes	real	-	1	yes	yes	no	no	B_installed_onedist
C:/Users/david/Documents/Codex/2026-07-25/set-version-62-to-stable-its/work/atomic-acres-pass64-gameplay	contrib/dave-gaming-pc/codex/pass64-gameplay	8a7dbd0f	0	14	yes	real	-	1	yes	yes	no	yes	B_installed_onedist
C:/Users/david/Documents/Codex/2026-07-25/set-version-62-to-stable-its/work/atomic-acres-pass64-gameplay-fixes	contrib/dave-gaming-pc/codex/pass64-gameplay-audit-fixes	66fc584c	0	2	yes	real	-	1	yes	yes	no	no	B_installed_onedist
C:/Users/david/Documents/Codex/2026-07-25/set-version-62-to-stable-its/work/atomic-acres-pass64-hud	contrib/dave-gaming-pc/codex/pass64-hud	af4adaad	0	9	yes	real	-	1	yes	yes	no	no	B_installed_onedist
C:/Users/david/Documents/Codex/2026-07-25/set-version-62-to-stable-its/work/atomic-acres-pass64-hud-release-fixes	contrib/dave-gaming-pc/codex/pass64-hud-release-fixes	eadfa07a	0	121	yes	real	-	1	yes	yes	no	no	B_installed_onedist
C:/Users/david/Documents/Codex/2026-07-25/set-version-62-to-stable-its/work/atomic-acres-pass64-hud-v2	contrib/dave-gaming-pc/codex/pass64-hud-v2	e1fdeec0	0	52	yes	real	-	1	yes	yes	no	no	B_installed_onedist
C:/Users/david/Documents/Codex/2026-07-25/set-version-62-to-stable-its/work/atomic-acres-pass64-integration	contrib/dave-gaming-pc/codex/pass64-topology-smoke	a7ab56be	0	107	yes	real	-	1	yes	yes	yes	yes	B_installed_onedist
C:/Users/david/Documents/Codex/2026-07-25/set-version-62-to-stable-its/work/atomic-acres-pass64-linux-snapshot	(detached)	6a882ae9	1	2	yes	real	-	1	yes	yes	no	yes	B_installed_onedist
C:/Users/david/Documents/Codex/2026-07-25/set-version-62-to-stable-its/work/atomic-acres-pass64-renderer	contrib/dave-gaming-pc/codex/pass64-renderer	b597e651	0	46	yes	real	-	1	yes	yes	yes	no	B_installed_onedist
C:/Users/david/Documents/Codex/2026-07-25/set-version-62-to-stable-its/work/atomic-acres-pass64-renderer-fixes	contrib/dave-gaming-pc/codex/pass64-renderer-fixes	82f30e49	0	0	yes	real	-	1	yes	no	no	no	B_installed_onedist
C:/Users/david/Documents/Codex/2026-07-25/set-version-62-to-stable-its/work/atomic-acres-pass64-renderer-full	contrib/dave-gaming-pc/codex/pass64-playable-webgpu	75d6ef71	0	21	yes	real	-	1	yes	yes	no	no	B_installed_onedist
C:/Users/david/Documents/Codex/2026-08-01/ok-we/work/atomic-acres-pass66-final-adjustments	contrib/dave-gaming-pc/codex/pass66-final-adjustments-20260801	80ae1551	0	2952	yes	real	-	1	yes	yes	yes	no	B_installed_onedist
C:/Users/david/Documents/Codex/2026-08-09/i-ve/work/atomic-acres-all-finger-floors	contrib/dave-gaming-pc/codex/pass69-3-all-finger-floors	acc527bd	0	0	yes	link	/c/Users/david/Documents/Codex/2026-08-09/i-ve/work/atomic-acres-first-fire-prewarm/node_modules	0	yes	no	no	no	C_installed_nodist
C:/Users/david/Documents/Codex/2026-08-09/i-ve/work/atomic-acres-dummy-rgb-proof	contrib/dave-gaming-pc/codex/pass69-3-dummy-rgb-proof-v1	e45fad33	0	1	yes	real	-	0	yes	no	no	no	C_installed_nodist
C:/Users/david/Documents/Codex/2026-08-09/i-ve/work/atomic-acres-first-fire-prewarm	contrib/dave-gaming-pc/codex/pass69-3-first-fire-prewarm	69949a85	0	3	yes	link	/c/Users/david/Documents/Codex/2026-08-09/i-ve/work/atomic-acres-pass69-3-surgical/node_modules	0	yes	yes	no	no	C_installed_nodist
C:/Users/david/Documents/Codex/2026-08-09/i-ve/work/atomic-acres-hand-camera-oblique-sweep	(detached)	4a22cc92	2	0	no	-	-	0	yes	no	no	yes	D_noinstall_dist
C:/Users/david/Documents/Codex/2026-08-09/i-ve/work/atomic-acres-hand-camera-v2	contrib/dave-gaming-pc/codex/pass69-3-hand-camera-v2	8e5bef16	0	4	yes	real	-	0	yes	yes	no	no	C_installed_nodist
C:/Users/david/Documents/Codex/2026-08-09/i-ve/work/atomic-acres-killstreak-diag	(detached)	20782e56	0	7	yes	link	/c/Users/david/Documents/Codex/2026-08-09/i-ve/work/atomic-acres-pass69-3-surgical/node_modules	0	yes	yes	no	no	C_installed_nodist
C:/Users/david/Documents/Codex/2026-08-09/i-ve/work/atomic-acres-m14-prewarm	contrib/dave-gaming-pc/codex/pass69-3-m14-prewarm	4ce8ddb8	0	1	yes	real	-	0	yes	no	no	no	C_installed_nodist
C:/Users/david/Documents/Codex/2026-08-09/i-ve/work/atomic-acres-pass69-3	evidence/dave-gaming-pc/codex/pass69-2-rejected-squash	2864f2d4	82	0	yes	real	-	0	yes	no	no	yes	C_installed_nodist
C:/Users/david/Documents/Codex/2026-08-09/i-ve/work/atomic-acres-pass69-3-arms-author	contrib/dave-gaming-pc/codex/pass69-3-arms-author-20260810	264c94f8	0	55	yes	real	-	0	yes	yes	no	yes	C_installed_nodist
C:/Users/david/Documents/Codex/2026-08-09/i-ve/work/atomic-acres-pass69-3-arms-plan	contrib/dave-gaming-pc/codex/pass69-3-arms-reauthor-plan	4cefa5c0	0	2	no	-	-	0	yes	yes	no	no	D_noinstall_dist
C:/Users/david/Documents/Codex/2026-08-09/i-ve/work/atomic-acres-pass69-3-surgical	contrib/dave-gaming-pc/codex/pass69-3-reconciliation	bd3c660c	0	1202	yes	real	-	1	yes	yes	no	yes	B_installed_onedist
C:/Users/david/Documents/Codex/2026-08-09/i-ve/work/atomic-acres-pass69-publication	contrib/dave-gaming-pc/codex/pass69-two-choice-verifier	b55f47f9	0	9	yes	real	-	1	yes	yes	no	yes	B_installed_onedist
C:/Users/david/Documents/Codex/2026-08-09/i-ve/work/atomic-acres-pass70-candidate	contrib/dave-gaming-pc/codex/pass70-candidate	de7ca98d	0	1032	yes	real	-	1	yes	yes	no	yes	B_installed_onedist
C:/Users/david/Documents/Codex/2026-08-09/i-ve/work/atomic-acres-pass70-carpet-authority	contrib/dave-gaming-pc/codex/pass70-carpet-authority-rejoin	9dbf6271	0	1	yes	link	/c/Users/david/Documents/Codex/2026-08-09/i-ve/work/atomic-acres-pass70-candidate/node_modules	1	yes	yes	no	no	B_installed_onedist
C:/Users/david/Documents/Codex/2026-08-09/i-ve/work/atomic-acres-pass70-carpet-hosted-fire	contrib/dave-gaming-pc/codex/pass70-carpet-hosted-fire	1d09bd4d	0	1	yes	link	/c/Users/david/Documents/Codex/2026-08-09/i-ve/work/atomic-acres-pass70-candidate/node_modules	1	yes	yes	no	no	B_installed_onedist
C:/Users/david/Documents/Codex/2026-08-09/i-ve/work/atomic-acres-pass70-carpet-reservation	contrib/dave-gaming-pc/codex/pass70-carpet-reservation-lifecycle	81f30ea4	0	2	yes	link	/c/Users/david/Documents/Codex/2026-08-09/i-ve/work/atomic-acres-pass70-candidate/node_modules	1	yes	yes	no	no	B_installed_onedist
C:/Users/david/Documents/Codex/2026-08-09/i-ve/work/atomic-acres-pass70-chopper-complete	contrib/dave-gaming-pc/codex/pass70-chopper-complete	c7e1070e	0	15	yes	link	/c/Users/david/Documents/Codex/2026-08-09/i-ve/work/atomic-acres-pass70-candidate/node_modules	1	yes	yes	no	no	B_installed_onedist
C:/Users/david/Documents/Codex/2026-08-09/i-ve/work/atomic-acres-pass70-context-loss-gate	contrib/dave-gaming-pc/codex/pass70-context-loss-gate	d977e326	0	0	yes	real	-	0	yes	no	no	no	C_installed_nodist
C:/Users/david/Documents/Codex/2026-08-09/i-ve/work/atomic-acres-pass70-crossbow-bolt	contrib/dave-gaming-pc/codex/pass70-crossbow-bolt	22d20015	0	1	yes	link	/c/Users/david/Documents/Codex/2026-08-09/i-ve/work/atomic-acres-pass70-optics/node_modules	0	yes	yes	no	no	C_installed_nodist
C:/Users/david/Documents/Codex/2026-08-09/i-ve/work/atomic-acres-pass70-death-drop-expiry	contrib/dave-gaming-pc/codex/pass70-death-drop-expiry	28977fb0	0	3	yes	link	/c/Users/david/Documents/Codex/2026-08-09/i-ve/work/atomic-acres-pass70-qoder-sw-adapter-recovery/node_modules	1	yes	yes	no	no	B_installed_onedist
C:/Users/david/Documents/Codex/2026-08-09/i-ve/work/atomic-acres-pass70-field-kit-ui	contrib/dave-gaming-pc/codex/pass70-field-kit-ui	7c6b9b6a	0	3	yes	link	/c/Users/david/Documents/Codex/2026-08-09/i-ve/work/atomic-acres-pass70-foundation/node_modules	1	yes	yes	no	no	B_installed_onedist
C:/Users/david/Documents/Codex/2026-08-09/i-ve/work/atomic-acres-pass70-fire	contrib/dave-gaming-pc/codex/pass70-fire	c09d8191	0	1	yes	link	/c/Users/david/Documents/Codex/2026-08-09/i-ve/work/atomic-acres-pass70-candidate/node_modules	0	yes	yes	no	no	C_installed_nodist
C:/Users/david/Documents/Codex/2026-08-09/i-ve/work/atomic-acres-pass70-firefox-geckodriver	contrib/dave-gaming-pc/codex/pass70-firefox-geckodriver	27808597	0	4	yes	real	-	0	yes	yes	no	no	C_installed_nodist
C:/Users/david/Documents/Codex/2026-08-09/i-ve/work/atomic-acres-pass70-firefox-multiplayer	contrib/dave-gaming-pc/codex/pass70-firefox-multiplayer	0e4ccb42	0	12	yes	real	-	1	yes	yes	no	no	B_installed_onedist
C:/Users/david/Documents/Codex/2026-08-09/i-ve/work/atomic-acres-pass70-foundation	contrib/dave-gaming-pc/codex/pass70-owner-feedback-foundation	ee1802f2	0	2	yes	real	-	0	yes	yes	no	no	C_installed_nodist
C:/Users/david/Documents/Codex/2026-08-09/i-ve/work/atomic-acres-pass70-hands	contrib/dave-gaming-pc/codex/pass70-hands	60ffbcc7	0	11	yes	link	/c/Users/david/Documents/Codex/2026-08-09/i-ve/work/atomic-acres-pass70-candidate/node_modules	0	yes	yes	no	yes	C_installed_nodist
C:/Users/david/Documents/Codex/2026-08-09/i-ve/work/atomic-acres-pass70-hands-asset-finalize	contrib/dave-gaming-pc/codex/pass70-hands-asset-finalize	e73b9f52	0	62	yes	link	/c/Users/david/Documents/Codex/2026-08-09/i-ve/work/atomic-acres-pass70-candidate/node_modules	1	yes	yes	no	no	B_installed_onedist
C:/Users/david/Documents/Codex/2026-08-09/i-ve/work/atomic-acres-pass70-hands-finish	contrib/dave-gaming-pc/codex/pass70-hands-finish	9f72a21c	0	43	yes	link	/c/Users/david/Documents/Codex/2026-08-09/i-ve/work/atomic-acres-pass70-candidate/node_modules	1	yes	yes	no	no	B_installed_onedist
C:/Users/david/Documents/Codex/2026-08-09/i-ve/work/atomic-acres-pass70-hitl2-candidate	contrib/dave-gaming-pc/codex/pass70-hitl2-candidate	07a6bad5	0	1051	yes	real	-	1	yes	yes	no	yes	B_installed_onedist
C:/Users/david/Documents/Codex/2026-08-09/i-ve/work/atomic-acres-pass70-hitl2-fieldkit	contrib/dave-gaming-pc/codex/pass70-hitl2-fieldkit	9c760123	0	37	yes	link	/c/Users/david/Documents/Codex/2026-08-09/i-ve/work/atomic-acres-pass70-candidate/node_modules	1	yes	yes	no	no	B_installed_onedist
C:/Users/david/Documents/Codex/2026-08-09/i-ve/work/atomic-acres-pass70-hitl2-support-testbay	contrib/dave-gaming-pc/codex/pass70-hitl2-support-testbay	a7434e5b	0	24	yes	link	/c/Users/david/Documents/Codex/2026-08-09/i-ve/work/atomic-acres-pass70-candidate/node_modules	1	yes	yes	no	no	B_installed_onedist
C:/Users/david/Documents/Codex/2026-08-09/i-ve/work/atomic-acres-pass70-hitl2-viewmodel-arms	contrib/dave-gaming-pc/codex/pass70-hitl2-viewmodel-arms	240ee64a	0	25	yes	link	/c/Users/david/Documents/Codex/2026-08-09/i-ve/work/atomic-acres-pass70-foundation/node_modules	1	yes	yes	no	no	B_installed_onedist
C:/Users/david/Documents/Codex/2026-08-09/i-ve/work/atomic-acres-pass70-hitl3-damage-audio-perf	contrib/dave-gaming-pc/codex/pass70-hitl3-damage-audio-perf	66275a2b	0	7	yes	real	-	1	yes	yes	no	no	B_installed_onedist
C:/Users/david/Documents/Codex/2026-08-09/i-ve/work/atomic-acres-pass70-hitl3-gunrange-hud	contrib/dave-gaming-pc/codex/pass70-hitl3-gunrange-hud	a6ea3019	0	2	yes	link	/c/Users/david/projects/atomic-acres-production-27e0858/node_modules	1	yes	yes	no	no	B_installed_onedist
C:/Users/david/Documents/Codex/2026-08-09/i-ve/work/atomic-acres-pass70-hitl3-viewmodel-xray	contrib/dave-gaming-pc/codex/pass70-hitl3-viewmodel-xray	099fcaff	0	1	yes	link	/c/Users/david/Documents/Codex/2026-08-09/i-ve/work/atomic-acres-pass70-hitl2-candidate/node_modules	1	yes	yes	no	no	B_installed_onedist
C:/Users/david/Documents/Codex/2026-08-09/i-ve/work/atomic-acres-pass70-host-timer-authority	contrib/dave-gaming-pc/codex/pass70-host-timer-authority	1fe097a5	0	5	yes	link	/c/Users/david/Documents/Codex/2026-08-09/i-ve/work/atomic-acres-pass70-candidate/node_modules	0	yes	yes	no	no	C_installed_nodist
C:/Users/david/Documents/Codex/2026-08-09/i-ve/work/atomic-acres-pass70-menu-preview-v14	contrib/dave-gaming-pc/codex/pass70-menu-preview-v14	a557b80f	0	0	yes	link	/c/Users/david/Documents/Codex/2026-08-09/i-ve/work/atomic-acres-pass70-candidate/node_modules	0	yes	no	no	no	C_installed_nodist
C:/Users/david/Documents/Codex/2026-08-09/i-ve/work/atomic-acres-pass70-multiplayer	contrib/dave-gaming-pc/codex/pass70-multiplayer-fixes	712a931d	0	26	yes	link	/c/Users/david/projects/atomic-acres-production-27e0858/node_modules	1	yes	yes	no	no	B_installed_onedist
C:/Users/david/Documents/Codex/2026-08-09/i-ve/work/atomic-acres-pass70-optics	contrib/dave-gaming-pc/codex/pass70-optic-aperture	5508e491	0	25	yes	real	-	0	yes	yes	no	yes	C_installed_nodist
C:/Users/david/Documents/Codex/2026-08-09/i-ve/work/atomic-acres-pass70-qoder-late-failures	contrib/dave-gaming-pc/codex/pass70-qoder-late-failures	73b25baa	0	3	yes	link	/c/Users/david/Documents/Codex/2026-08-09/i-ve/work/atomic-acres-pass70-hitl2-candidate/node_modules	1	yes	yes	no	no	B_installed_onedist
C:/Users/david/Documents/Codex/2026-08-09/i-ve/work/atomic-acres-pass70-qoder-rejoin-diagnostic	contrib/dave-gaming-pc/codex/pass70-qoder-rejoin-diagnostic	f5d5811d	0	3	yes	link	/c/Users/david/Documents/Codex/2026-08-09/i-ve/work/atomic-acres-pass70-hitl2-candidate/node_modules	1	yes	yes	no	no	B_installed_onedist
C:/Users/david/Documents/Codex/2026-08-09/i-ve/work/atomic-acres-pass70-qoder-sw-adapter-recovery	contrib/dave-gaming-pc/codex/pass70-qoder-sw-adapter-recovery	75b66c3d	0	2	yes	link	/c/Users/david/Documents/Codex/2026-08-09/i-ve/work/atomic-acres-pass70-hitl2-candidate/node_modules	1	yes	yes	no	no	B_installed_onedist
C:/Users/david/Documents/Codex/2026-08-09/i-ve/work/atomic-acres-pass70-range-bots	contrib/dave-gaming-pc/codex/pass70-range-bots	b1dc4df9	0	2	yes	real	-	1	yes	yes	no	no	B_installed_onedist
C:/Users/david/Documents/Codex/2026-08-09/i-ve/work/atomic-acres-pass70-recovery-pose-assert	contrib/dave-gaming-pc/codex/pass70-recovery-pose-assert	1d623be2	0	1	no	-	-	0	yes	no	no	no	D_noinstall_dist
C:/Users/david/Documents/Codex/2026-08-09/i-ve/work/atomic-acres-pass70-release-identity	contrib/dave-gaming-pc/codex/pass70-release-identity	d527c9ef	0	6	yes	link	/c/Users/david/Documents/Codex/2026-08-09/i-ve/work/atomic-acres-pass70-candidate/node_modules	1	yes	yes	no	no	B_installed_onedist
C:/Users/david/Documents/Codex/2026-08-09/i-ve/work/atomic-acres-pass70-surface-effects	contrib/dave-gaming-pc/codex/pass70-surface-effects	e1254466	0	1	yes	link	/c/Users/david/Documents/Codex/2026-08-09/i-ve/work/atomic-acres-pass70-candidate/node_modules	1	yes	yes	no	no	B_installed_onedist
C:/Users/david/Documents/Codex/2026-08-09/i-ve/work/atomic-acres-pass70-test-bay-world	contrib/dave-gaming-pc/codex/pass70-test-bay-world	49f76764	0	4	yes	link	/c/Users/david/Documents/Codex/2026-08-09/i-ve/work/atomic-acres-pass70-candidate/node_modules	1	yes	yes	no	no	B_installed_onedist
C:/Users/david/Documents/Codex/2026-08-09/i-ve/work/atomic-acres-pass70-v15-preview-code	contrib/dave-gaming-pc/codex/pass70-v15-preview-code	8612226f	0	2	yes	link	/c/Users/david/Documents/Codex/2026-08-09/i-ve/work/atomic-acres-pass70-hitl2-candidate/node_modules	0	yes	yes	no	no	C_installed_nodist
C:/Users/david/Documents/Codex/2026-08-09/i-ve/work/atomic-acres-pass70-weapon-contact-scope	contrib/dave-gaming-pc/codex/pass70-weapon-contact-scope	c68ab4e3	0	5	yes	real	-	1	yes	yes	no	no	B_installed_onedist
C:/Users/david/Documents/Codex/2026-08-09/i-ve/work/atomic-acres-pass70-webkit-contract	contrib/dave-gaming-pc/codex/pass70-webkit-contract	33a076e2	0	2	yes	link	/c/Users/david/Documents/Codex/2026-08-09/i-ve/work/atomic-acres-pass70-hitl2-candidate/node_modules	0	yes	yes	no	no	C_installed_nodist
C:/Users/david/Documents/Codex/2026-08-09/i-ve/work/atomic-acres-pass71-audio-buzz	pass71-audio-buzz	c3f64abf	0	0	yes	link	/c/Users/david/Documents/Codex/2026-08-09/i-ve/work/atomic-acres-pass71-integration/node_modules	1	yes	no	no	no	B_installed_onedist
C:/Users/david/Documents/Codex/2026-08-09/i-ve/work/atomic-acres-pass71-authority-hardening	contrib/dave-gaming-pc/codex/pass71-authority-hardening	f92b2725	0	2	yes	link	/c/Users/david/Documents/Codex/2026-08-09/i-ve/work/atomic-acres-pass71-integration/node_modules	1	yes	yes	no	no	B_installed_onedist
C:/Users/david/Documents/Codex/2026-08-09/i-ve/work/atomic-acres-pass71-bot-glass-audit	pass71-bot-glass-audit	d69a55d5	0	0	yes	link	/c/Users/david/Documents/Codex/2026-08-09/i-ve/work/atomic-acres-pass71-integration/node_modules	1	yes	no	no	no	B_installed_onedist
C:/Users/david/Documents/Codex/2026-08-09/i-ve/work/atomic-acres-pass71-capsule-evidence	contrib/dave-gaming-pc/codex/pass71-capsule-evidence	16009b42	0	2	yes	link	/c/Users/david/Documents/Codex/2026-08-09/i-ve/work/atomic-acres-pass71-owner-fixes/node_modules	1	yes	yes	no	no	B_installed_onedist
C:/Users/david/Documents/Codex/2026-08-09/i-ve/work/atomic-acres-pass71-chopper-ci-fix	contrib/dave-gaming-pc/codex/pass71-chopper-ci-fix	95d2189a	0	43	yes	real	-	1	yes	yes	no	no	B_installed_onedist
C:/Users/david/Documents/Codex/2026-08-09/i-ve/work/atomic-acres-pass71-crossbow-candidate-fix	contrib/dave-gaming-pc/codex/pass71-crossbow-candidate-fix	0ce824a4	0	4	yes	real	-	1	yes	yes	no	no	B_installed_onedist
C:/Users/david/Documents/Codex/2026-08-09/i-ve/work/atomic-acres-pass71-dynamic-acceptance	contrib/dave-gaming-pc/codex/pass71-dynamic-acceptance	a698496a	0	1	yes	real	-	0	yes	yes	no	no	C_installed_nodist
C:/Users/david/Documents/Codex/2026-08-09/i-ve/work/atomic-acres-pass71-effects-audio-glass	contrib/dave-gaming-pc/codex/pass71-effects-audio-glass	c35dd012	0	10	yes	real	-	1	yes	yes	no	no	B_installed_onedist
C:/Users/david/Documents/Codex/2026-08-09/i-ve/work/atomic-acres-pass71-final-quality-audit-7c9	contrib/dave-gaming-pc/codex/pass71-final-quality-audit-7c9	d1257e9c	0	2	yes	real	-	1	yes	yes	no	no	B_installed_onedist
C:/Users/david/Documents/Codex/2026-08-09/i-ve/work/atomic-acres-pass71-firefox-chrome-parity	contrib/dave-gaming-pc/codex/pass71-firefox-chrome-parity	bd25073c	0	4	yes	link	/c/Users/david/Documents/Codex/2026-08-09/i-ve/work/atomic-acres-pass71-integration/node_modules	0	yes	yes	no	no	C_installed_nodist
C:/Users/david/Documents/Codex/2026-08-09/i-ve/work/atomic-acres-pass71-flare-identity	contrib/dave-gaming-pc/codex/pass71-flare-exact-identity	21992f41	0	3	yes	link	/c/Users/david/Documents/Codex/2026-08-09/i-ve/work/atomic-acres-pass71-integration/node_modules	1	yes	yes	no	no	B_installed_onedist
C:/Users/david/Documents/Codex/2026-08-09/i-ve/work/atomic-acres-pass71-frame-budget-windows-fix	contrib/dave-gaming-pc/codex/pass71-frame-budget-windows-fix	996740d3	0	8	yes	real	-	1	yes	yes	no	no	B_installed_onedist
C:/Users/david/Documents/Codex/2026-08-09/i-ve/work/atomic-acres-pass71-glass-ci-fix	contrib/dave-gaming-pc/codex/pass71-glass-ci-fix	dfa9aec7	0	4	yes	link	/c/Users/david/Documents/Codex/2026-08-09/i-ve/work/atomic-acres-pass71-integration/node_modules	1	yes	yes	no	no	B_installed_onedist
C:/Users/david/Documents/Codex/2026-08-09/i-ve/work/atomic-acres-pass71-glass-combined-check	pass71-glass-combined-check	0dd30991	0	0	yes	link	/c/Users/david/Documents/Codex/2026-08-09/i-ve/work/atomic-acres-pass71-integration/node_modules	0	yes	no	no	no	C_installed_nodist
C:/Users/david/Documents/Codex/2026-08-09/i-ve/work/atomic-acres-pass71-glass-eligibility	contrib/dave-gaming-pc/codex/pass71-glass-eligibility	80622379	0	0	yes	link	/c/Users/david/Documents/Codex/2026-08-09/i-ve/work/atomic-acres-pass71-integration/node_modules	1	yes	no	no	no	B_installed_onedist
C:/Users/david/Documents/Codex/2026-08-09/i-ve/work/atomic-acres-pass71-glass-matrix-reconcile	contrib/dave-gaming-pc/codex/pass71-glass-matrix-reconcile	687e0a03	0	2	yes	real	-	1	yes	yes	no	no	B_installed_onedist
C:/Users/david/Documents/Codex/2026-08-09/i-ve/work/atomic-acres-pass71-glass-second-fix	contrib/dave-gaming-pc/codex/pass71-glass-second-fix	9dbb95be	0	1	yes	link	/c/Users/david/Documents/Codex/2026-08-09/i-ve/work/atomic-acres-pass71-integration/node_modules	1	yes	no	no	no	B_installed_onedist
C:/Users/david/Documents/Codex/2026-08-09/i-ve/work/atomic-acres-pass71-guest-glass-authority	pass71-guest-glass-authority	0423ce74	0	0	yes	link	/c/Users/david/Documents/Codex/2026-08-09/i-ve/work/atomic-acres-pass71-integration/node_modules	1	yes	no	no	no	B_installed_onedist
C:/Users/david/Documents/Codex/2026-08-09/i-ve/work/atomic-acres-pass71-hf300-drone-thermal	contrib/dave-gaming-pc/codex/pass71-hf300-drone-thermal	cb5282ed	0	2	yes	link	/c/Users/david/Documents/Codex/2026-08-09/i-ve/work/atomic-acres-pass71-integration/node_modules	1	yes	yes	no	no	B_installed_onedist
C:/Users/david/Documents/Codex/2026-08-09/i-ve/work/atomic-acres-pass71-hf305	contrib/dave-gaming-pc/codex/pass71-hf305-nuke-evidence	7aa85595	0	4	yes	link	/c/Users/david/Documents/Codex/2026-08-09/i-ve/work/atomic-acres-pass71-owner-fixes/node_modules	1	yes	yes	no	no	B_installed_onedist
C:/Users/david/Documents/Codex/2026-08-09/i-ve/work/atomic-acres-pass71-hf310-evidence	contrib/dave-gaming-pc/codex/pass71-hf310-stuck-evidence	40ffe2dd	0	3	yes	real	-	1	yes	yes	no	no	B_installed_onedist
C:/Users/david/Documents/Codex/2026-08-09/i-ve/work/atomic-acres-pass71-hitch-release-gate	contrib/dave-gaming-pc/codex/pass71-hitch-release-gate	e2753e5c	0	2	yes	link	/c/Users/david/Documents/Codex/2026-08-09/i-ve/work/atomic-acres-pass71-integration/node_modules	1	yes	yes	no	no	B_installed_onedist
C:/Users/david/Documents/Codex/2026-08-09/i-ve/work/atomic-acres-pass71-host-lobby-p0	contrib/dave-gaming-pc/codex/pass71-host-lobby-p0	20867ea4	0	35	yes	link	/c/Users/david/Documents/Codex/2026-08-09/i-ve/work/atomic-acres-pass71-owner-fixes/node_modules	0	yes	yes	no	no	C_installed_nodist
C:/Users/david/Documents/Codex/2026-08-09/i-ve/work/atomic-acres-pass71-integration	contrib/dave-gaming-pc/codex/pass71-release-integration	eb098984	0	1014	yes	link	/c/Users/david/Documents/Codex/2026-08-09/i-ve/work/atomic-acres-pass71-owner-fixes/node_modules	1	yes	yes	no	no	B_installed_onedist
C:/Users/david/Documents/Codex/2026-08-09/i-ve/work/atomic-acres-pass71-native-feature-evidence	contrib/dave-gaming-pc/codex/pass71-native-feature-evidence	e72b2064	0	2	yes	link	/c/Users/david/Documents/Codex/2026-08-09/i-ve/work/atomic-acres-pass71-integration/node_modules	1	yes	yes	no	no	B_installed_onedist
C:/Users/david/Documents/Codex/2026-08-09/i-ve/work/atomic-acres-pass71-nuke-attribution	contrib/dave-gaming-pc/codex/pass71-nuke-attribution	68360bc0	0	1	yes	link	/c/Users/david/Documents/Codex/2026-08-09/i-ve/work/atomic-acres-pass71-integration/node_modules	1	yes	no	no	no	B_installed_onedist
C:/Users/david/Documents/Codex/2026-08-09/i-ve/work/atomic-acres-pass71-nuke-shadow-race	contrib/dave-gaming-pc/codex/pass71-nuke-shadow-race	55502dff	0	3	yes	link	/c/Users/david/Documents/Codex/2026-08-09/i-ve/work/atomic-acres-pass71-owner-fixes/node_modules	1	yes	yes	no	no	B_installed_onedist
C:/Users/david/Documents/Codex/2026-08-09/i-ve/work/atomic-acres-pass71-owner-fixes	contrib/dave-gaming-pc/codex/pass71-owner-fixes	fe64a4ec	0	4	yes	real	-	1	yes	yes	no	no	B_installed_onedist
C:/Users/david/Documents/Codex/2026-08-09/i-ve/work/atomic-acres-pass71-perception-firefox	contrib/dave-gaming-pc/codex/pass71-perception-firefox	2c1b553c	0	34	yes	real	-	1	yes	yes	no	no	B_installed_onedist
C:/Users/david/Documents/Codex/2026-08-09/i-ve/work/atomic-acres-pass71-projectile-glass-native	contrib/dave-gaming-pc/codex/pass71-projectile-glass-native	3c49652f	0	3	yes	link	/c/Users/david/Documents/Codex/2026-08-09/i-ve/work/atomic-acres-pass71-integration/node_modules	0	yes	yes	no	no	C_installed_nodist
C:/Users/david/Documents/Codex/2026-08-09/i-ve/work/atomic-acres-pass71-prone-native-fix	contrib/dave-gaming-pc/codex/pass71-prone-native-fix	d417d2a6	0	27	yes	link	/c/Users/david/Documents/Codex/2026-08-09/i-ve/work/atomic-acres-pass71-integration/node_modules	1	yes	yes	no	no	B_installed_onedist
C:/Users/david/Documents/Codex/2026-08-09/i-ve/work/atomic-acres-pass71-protocol-fix	contrib/dave-gaming-pc/codex/pass71-bot-glass-protocol	8fafaa0f	0	2	yes	real	-	1	yes	yes	no	no	B_installed_onedist
C:/Users/david/Documents/Codex/2026-08-09/i-ve/work/atomic-acres-pass71-release-identity-agent	contrib/dave-gaming-pc/codex/pass71-release-identity-agent	a64faaf4	0	1	yes	link	/c/Users/david/Documents/Codex/2026-08-09/i-ve/work/atomic-acres-pass71-owner-fixes/node_modules	1	yes	yes	no	no	B_installed_onedist
C:/Users/david/Documents/Codex/2026-08-09/i-ve/work/atomic-acres-pass71-sleeve-crop	contrib/dave-gaming-pc/codex/pass71-sleeve-crop	dcfefa48	0	21	yes	link	/c/Users/david/Documents/Codex/2026-08-09/i-ve/work/atomic-acres-pass71-integration/node_modules	1	yes	yes	no	no	B_installed_onedist
C:/Users/david/Documents/Codex/2026-08-09/i-ve/work/atomic-acres-pass71-sticky-onset-authority	contrib/dave-gaming-pc/codex/pass71-sticky-onset-authority	872a7127	0	3	yes	link	/c/Users/david/Documents/Codex/2026-08-09/i-ve/work/atomic-acres-pass71-integration/node_modules	1	yes	yes	no	no	B_installed_onedist
C:/Users/david/Documents/Codex/2026-08-09/i-ve/work/atomic-acres-pass71-sticky-race	contrib/dave-gaming-pc/codex/pass71-sticky-receipt-race	a17a65e6	0	2	yes	link	/c/Users/david/Documents/Codex/2026-08-09/i-ve/work/atomic-acres-pass71-integration/node_modules	1	yes	yes	no	no	B_installed_onedist
C:/Users/david/Documents/Codex/2026-08-09/i-ve/work/atomic-acres-pass71-stuck-raster	contrib/dave-gaming-pc/codex/pass71-stuck-raster	915f8c9b	0	872	yes	link	/c/Users/david/Documents/Codex/2026-08-09/i-ve/work/atomic-acres-pass71-integration/node_modules	1	yes	yes	no	no	B_installed_onedist
C:/Users/david/Documents/Codex/2026-08-09/i-ve/work/atomic-acres-pass71-viewmodel	contrib/dave-gaming-pc/codex/pass71-viewmodel	809fc17a	0	47	yes	real	-	1	yes	yes	no	no	B_installed_onedist
C:/Users/david/Documents/Codex/2026-08-09/i-ve/work/atomic-acres-rigged-bot-gate	contrib/dave-gaming-pc/codex/pass69-3-rigged-bot-live	2ca51ef7	3	4	yes	link	/c/Users/david/Documents/Codex/2026-08-09/i-ve/work/atomic-acres-pass69-3-surgical/node_modules	0	yes	yes	no	yes	C_installed_nodist
C:/Users/david/Documents/Codex/2026-08-09/i-ve/work/atomic-acres-rigged-evidence-integration	contrib/dave-gaming-pc/codex/pass69-3-rigged-evidence-integration	4a22cc92	0	50	yes	real	-	1	yes	yes	no	yes	B_installed_onedist
C:/Users/david/Documents/Codex/2026-08-09/i-ve/work/atomic-acres-rigged-receipt-diag	contrib/dave-gaming-pc/codex/pass69-3-rigged-receipt-diag	724f14e5	0	12	yes	link	/c/Users/david/Documents/Codex/2026-08-09/i-ve/work/atomic-acres-pass69-3-surgical/node_modules	0	yes	yes	no	no	C_installed_nodist
C:/Users/david/Documents/Codex/2026-08-09/i-ve/work/atomic-acres-rigged-visual-los	contrib/dave-gaming-pc/codex/pass69-3-rigged-visual-los	3828d67a	0	0	yes	link	/c/Users/david/Documents/Codex/2026-08-09/i-ve/work/atomic-acres-all-finger-floors/node_modules	1	yes	no	no	no	B_installed_onedist
C:/Users/david/Documents/Codex/2026-08-09/i-ve/work/atomic-acres-support-aircraft-gate	contrib/dave-gaming-pc/codex/pass69-3-support-aircraft-live	4cd8a474	0	3	yes	link	/c/Users/david/projects/atomic-acres-production-27e0858/node_modules	0	yes	yes	no	no	C_installed_nodist
C:/Users/david/Documents/Codex/2026-08-09/i-ve/work/atomic-acres-webgpu-special	contrib/dave-gaming-pc/codex/pass69-3-webgpu-special	7be1bd65	0	9	yes	link	/c/Users/david/Documents/Codex/2026-08-09/i-ve/work/atomic-acres-pass69-3-surgical/node_modules	1	yes	yes	no	no	B_installed_onedist
C:/Users/david/Documents/Codex/2026-08-09/i-ve/work/candidate-287-chopper-fix	contrib/dave-gaming-pc/codex/pass71-candidate-287-chopper-fix	e219fbfd	0	3	yes	link	/c/Users/david/Documents/Codex/2026-08-09/i-ve/work/atomic-acres-pass71-integration/node_modules	1	yes	yes	no	no	B_installed_onedist
C:/Users/david/Documents/Codex/2026-08-09/i-ve/work/pass70-hotfix-chopper-door	contrib/dave-gaming-pc/codex/pass70-hotfix-chopper-door	478700f8	0	2	yes	link	/c/Users/david/Documents/Codex/2026-08-09/i-ve/work/atomic-acres-pass70-candidate/node_modules	1	yes	yes	no	no	B_installed_onedist
C:/Users/david/Documents/Codex/2026-08-09/i-ve/work/pass70-hotfix-combat-ui	contrib/dave-gaming-pc/codex/pass70-hotfix-combat-ui	c1bdbff8	0	4	yes	real	-	1	yes	yes	no	no	B_installed_onedist
C:/Users/david/Documents/Codex/2026-08-09/i-ve/work/pass70-hotfix-integrated	contrib/dave-gaming-pc/codex/pass70-hotfix-owner-round2	c405e10c	0	406	yes	real	-	1	yes	yes	no	yes	B_installed_onedist
C:/Users/david/Documents/Codex/2026-08-09/i-ve/work/pass70-hotfix-viewmodel	contrib/dave-gaming-pc/codex/pass70-hotfix-viewmodel	81d77b6a	0	1	yes	link	/c/Users/david/Documents/Codex/2026-08-09/i-ve/work/atomic-acres-pass70-candidate/node_modules	1	yes	yes	no	no	B_installed_onedist
C:/Users/david/Documents/Codex/2026-08-09/i-ve/work/pass70-live-verify-258de322	(detached)	258de322	0	4	yes	real	-	0	yes	yes	no	yes	C_installed_nodist
C:/Users/david/Documents/Codex/2026-08-09/i-ve/work/pass71-acceptance-static-timeout-fix	contrib/dave-gaming-pc/codex/pass71-acceptance-static-timeout-fix	1fb919c9	0	3	yes	real	-	1	yes	yes	no	no	B_installed_onedist
C:/Users/david/Documents/Codex/2026-08-09/i-ve/work/pass71-candidate-91ea-chopper-fix	contrib/dave-gaming-pc/codex/pass71-candidate-91ea-chopper-fix	cd1d2e02	0	16	yes	link	/c/Users/david/Documents/Codex/2026-08-09/i-ve/work/pass71-chopper-ci-6bf/node_modules	1	yes	yes	no	no	B_installed_onedist
C:/Users/david/Documents/Codex/2026-08-09/i-ve/work/pass71-chopper-69e-sequencing-fix	contrib/dave-gaming-pc/codex/pass71-chopper-69e-sequencing-fix	3ee514a8	0	3	yes	real	-	1	yes	yes	no	no	B_installed_onedist
C:/Users/david/Documents/Codex/2026-08-09/i-ve/work/pass71-chopper-ci-257b-fix2	contrib/dave-gaming-pc/codex/pass71-chopper-ci-257b-fix2	a08ea9fd	0	3	yes	link	/c/Users/david/Documents/Codex/2026-08-09/i-ve/work/atomic-acres-pass71-integration/node_modules	1	yes	yes	no	no	B_installed_onedist
C:/Users/david/Documents/Codex/2026-08-09/i-ve/work/pass71-chopper-ci-6bf	contrib/dave-gaming-pc/codex/pass71-chopper-ci-6bf	0f667b4f	0	3	yes	link	/c/Users/david/Documents/Codex/2026-08-09/i-ve/work/atomic-acres-pass71-integration/node_modules	1	yes	yes	no	no	B_installed_onedist
C:/Users/david/Documents/Codex/2026-08-09/i-ve/work/pass71-chopper-ci-sequencing-1fb	contrib/dave-gaming-pc/codex/pass71-chopper-ci-sequencing	b85998c5	0	2	yes	link	/c/Users/david/Documents/Codex/2026-08-09/i-ve/work/pass71-acceptance-static-timeout-fix/node_modules	1	yes	yes	no	no	B_installed_onedist
C:/Users/david/Documents/Codex/2026-08-09/i-ve/work/pass71-ci-debris-readiness	contrib/dave-gaming-pc/codex/pass71-ci-debris-readiness	47f99b01	0	1	no	-	-	1	yes	no	no	no	D_noinstall_dist
C:/Users/david/Documents/Codex/2026-08-09/i-ve/work/pass71-crossbow-fuse-ci	contrib/dave-gaming-pc/codex/pass71-crossbow-fuse-ci	03529c75	0	1	yes	link	/c/Users/david/Documents/Codex/2026-08-09/i-ve/work/atomic-acres-pass71-integration/node_modules	1	yes	no	no	no	B_installed_onedist
C:/Users/david/Documents/Codex/2026-08-09/i-ve/work/pass71-debris-real-time-fallback	contrib/dave-gaming-pc/codex/pass71-debris-real-time-fallback	ec5ecd00	0	4	yes	link	/c/Users/david/Documents/Codex/2026-08-09/i-ve/work/atomic-acres-dummy-rgb-proof/node_modules	1	yes	yes	no	no	B_installed_onedist
C:/Users/david/Documents/Codex/2026-08-09/i-ve/work/pass71-final-quality-audit-e219	contrib/dave-gaming-pc/codex/pass71-final-quality-audit-e219	edb2f010	0	1	yes	link	/c/Users/david/Documents/Codex/2026-08-09/i-ve/work/atomic-acres-pass71-integration/node_modules	1	yes	yes	no	no	B_installed_onedist
C:/Users/david/Documents/Codex/2026-08-09/i-ve/work/pass71-final-quality-source-audit	contrib/dave-gaming-pc/codex/pass71-final-quality-source-audit	36280f69	0	0	no	-	-	0	yes	no	no	no	D_noinstall_dist
C:/Users/david/Documents/Codex/2026-08-09/i-ve/work/pass71-flare-settle-287	contrib/dave-gaming-pc/codex/pass71-flare-settle-287	d2b0ed11	0	3	yes	real	-	1	yes	yes	no	no	B_installed_onedist
C:/Users/david/Documents/Codex/2026-08-09/i-ve/work/pass71-glass-ci-diagnosis	contrib/dave-gaming-pc/codex/pass71-glass-ci-diagnosis	26de7920	0	6	yes	real	-	1	yes	yes	no	no	B_installed_onedist
C:/Users/david/Documents/Codex/2026-08-09/i-ve/work/pass71-glass-matrix-budget	contrib/dave-gaming-pc/codex/pass71-glass-matrix-budget	712cbddf	0	3	yes	link	/c/Users/david/Documents/Codex/2026-08-09/i-ve/work/atomic-acres-pass71-integration/node_modules	0	yes	yes	no	no	C_installed_nodist
C:/Users/david/Documents/Codex/2026-08-09/i-ve/work/pass71-grenade-budget-287	contrib/dave-gaming-pc/codex/pass71-grenade-budget-287	efd3147a	0	3	yes	real	-	1	yes	yes	no	no	B_installed_onedist
C:/Users/david/Documents/Codex/2026-08-09/i-ve/work/pass71-grenade-ci-semantic	contrib/dave-gaming-pc/codex/pass71-grenade-ci-semantic	b94525f7	0	48	yes	real	-	1	yes	yes	no	no	B_installed_onedist
C:/Users/david/Documents/Codex/2026-08-09/i-ve/work/pass71-grenade-estimator-fix	contrib/dave-gaming-pc/codex/pass71-grenade-estimator-fix	f4b04056	0	3	yes	real	-	1	yes	yes	no	no	B_installed_onedist
C:/Users/david/Documents/Codex/2026-08-09/i-ve/work/pass71-grenade-native-receipt	contrib/dave-gaming-pc/codex/pass71-grenade-native-receipt	b23821ba	0	4	yes	real	-	1	yes	yes	no	no	B_installed_onedist
C:/Users/david/Documents/Codex/2026-08-09/i-ve/work/pass71-hf296-contact-evidence	contrib/dave-gaming-pc/codex/pass71-hf296-contact-evidence	086fc55a	0	3	yes	link	/c/Users/david/Documents/Codex/2026-08-09/i-ve/work/atomic-acres-pass71-owner-fixes/node_modules	1	yes	yes	no	no	B_installed_onedist
C:/Users/david/Documents/Codex/2026-08-09/i-ve/work/pass71-hf296-full-closure-v2	contrib/dave-gaming-pc/codex/pass71-hf296-full-closure-v2	db3389bf	0	3	yes	link	/c/Users/david/Documents/Codex/2026-08-09/i-ve/work/atomic-acres-pass71-integration/node_modules	1	yes	yes	no	no	B_installed_onedist
C:/Users/david/Documents/Codex/2026-08-09/i-ve/work/pass71-hf297-arms-evidence	contrib/dave-gaming-pc/codex/pass71-hf297-arms-evidence	82218bfc	0	3	yes	real	-	1	yes	yes	no	no	B_installed_onedist
C:/Users/david/Documents/Codex/2026-08-09/i-ve/work/pass71-hf297-full-closure-v2	contrib/dave-gaming-pc/codex/pass71-hf297-full-closure-v2	de8be844	0	1	yes	link	/c/Users/david/Documents/Codex/2026-08-09/i-ve/work/atomic-acres-pass71-integration/node_modules	1	yes	no	no	no	B_installed_onedist
C:/Users/david/Documents/Codex/2026-08-09/i-ve/work/pass71-hf302-hf311-host-attestation	contrib/dave-gaming-pc/codex/pass71-hf302-hf311-host-attestation	eb4ce9e9	0	2	yes	link	/c/Users/david/Documents/Codex/2026-08-09/i-ve/work/atomic-acres-pass71-integration/node_modules	1	yes	yes	no	no	B_installed_onedist
C:/Users/david/Documents/Codex/2026-08-09/i-ve/work/pass71-hf303-quality-visual	contrib/dave-gaming-pc/codex/pass71-hf303-quality-visual	8065e634	0	0	no	-	-	1	yes	no	no	no	D_noinstall_dist
C:/Users/david/Documents/Codex/2026-08-09/i-ve/work/pass71-hf304-acceptance-registration	contrib/dave-gaming-pc/codex/pass71-hf304-acceptance-registration	8ea8cffd	0	0	yes	link	/c/Users/david/Documents/Codex/2026-08-09/i-ve/work/atomic-acres-pass71-integration/node_modules	0	yes	no	no	no	C_installed_nodist
C:/Users/david/Documents/Codex/2026-08-09/i-ve/work/pass71-hf304-full-evidence	contrib/dave-gaming-pc/codex/pass71-hf304-full-evidence	53348ee1	0	5	yes	link	/c/Users/david/Documents/Codex/2026-08-09/i-ve/work/atomic-acres-pass71-owner-fixes/node_modules	1	yes	yes	no	no	B_installed_onedist
C:/Users/david/Documents/Codex/2026-08-09/i-ve/work/pass71-hf304-live-hosted-closure	contrib/dave-gaming-pc/codex/pass71-hf304-live-hosted-closure	f5fce536	0	5	yes	link	/c/Users/david/Documents/Codex/2026-08-09/i-ve/work/atomic-acres-pass71-integration/node_modules	1	yes	yes	no	no	B_installed_onedist
C:/Users/david/Documents/Codex/2026-08-09/i-ve/work/pass71-hf306-cockpit-evidence	contrib/dave-gaming-pc/codex/pass71-hf306-cockpit-evidence	f7dca1f0	0	1	yes	link	/c/Users/david/Documents/Codex/2026-08-09/i-ve/work/atomic-acres-pass71-integration/node_modules	1	yes	no	no	no	B_installed_onedist
C:/Users/david/Documents/Codex/2026-08-09/i-ve/work/pass71-hf306-integration-resolution	contrib/dave-gaming-pc/codex/pass71-hf306-integration-resolution	af8b6514	0	1	yes	link	/c/Users/david/Documents/Codex/2026-08-09/i-ve/work/pass71-hf306-cockpit-evidence/node_modules	0	yes	no	no	no	C_installed_nodist
C:/Users/david/Documents/Codex/2026-08-09/i-ve/work/pass71-hf307-hf308-chopper-weapons	contrib/dave-gaming-pc/codex/pass71-hf307-hf308-chopper-weapons	40f90b22	0	3	yes	real	-	1	yes	yes	no	no	B_installed_onedist
C:/Users/david/Documents/Codex/2026-08-09/i-ve/work/pass71-hf308-acceptance-registration	contrib/dave-gaming-pc/codex/pass71-hf308-acceptance-registration	f77100cd	0	0	yes	link	/c/Users/david/Documents/Codex/2026-08-09/i-ve/work/atomic-acres-pass71-owner-fixes/node_modules	0	yes	no	no	no	C_installed_nodist
C:/Users/david/Documents/Codex/2026-08-09/i-ve/work/pass71-hf308-chopper-missiles	contrib/dave-gaming-pc/codex/pass71-hf308-chopper-missiles	fa6414cb	0	0	no	-	-	0	yes	no	no	no	D_noinstall_dist
C:/Users/david/Documents/Codex/2026-08-09/i-ve/work/pass71-hf308-full-closure-v2	contrib/dave-gaming-pc/codex/pass71-hf308-full-closure-v2	a7f04d54	0	5	yes	link	/c/Users/david/Documents/Codex/2026-08-09/i-ve/work/atomic-acres-pass71-owner-fixes/node_modules	1	yes	yes	no	no	B_installed_onedist
C:/Users/david/Documents/Codex/2026-08-09/i-ve/work/pass71-hf309-first-entry	contrib/dave-gaming-pc/codex/pass71-hf309-first-entry	75de026a	0	3	yes	link	/c/Users/david/Documents/Codex/2026-08-09/i-ve/work/atomic-acres-pass71-integration/node_modules	1	yes	yes	no	no	B_installed_onedist
C:/Users/david/Documents/Codex/2026-08-09/i-ve/work/pass71-native-evidence-serial	contrib/dave-gaming-pc/codex/pass71-native-evidence-serial	cbfc4bf3	0	2	yes	real	-	0	yes	yes	no	no	C_installed_nodist
C:/Users/david/Documents/Codex/2026-08-09/i-ve/work/pass71-native-parity-v3	contrib/dave-gaming-pc/codex/pass71-native-parity-v3	ae7e162a	0	0	yes	real	-	0	yes	no	no	no	C_installed_nodist
C:/Users/david/Documents/Codex/2026-08-09/i-ve/work/pass71-quality-baseline	contrib/dave-gaming-pc/codex/pass71-quality-baseline	9494320d	0	3	yes	real	-	1	yes	yes	no	no	B_installed_onedist
C:/Users/david/Documents/Codex/2026-08-09/i-ve/work/pass71-quality-baseline-floor-audit	contrib/dave-gaming-pc/codex/pass71-quality-baseline-floor-audit	1cea32ed	0	2	no	-	-	1	yes	yes	no	no	D_noinstall_dist
C:/Users/david/Documents/Codex/2026-08-09/i-ve/work/pass71-windows-chopper-shard-fix	contrib/dave-gaming-pc/codex/pass71-windows-chopper-shard-fix	687d42af	0	2	yes	real	-	1	yes	yes	no	no	B_installed_onedist
C:/Users/david/Documents/Codex/2026-08-11/https-daveinturkey15-byte-github-io-atomic/work/pass69-soak-685ed	contrib/dave-gaming-pc/codex/pass69-live-soak	685ed786	0	9	yes	real	-	1	yes	yes	no	yes	B_installed_onedist
C:/Users/david/Documents/Codex/2026-08-16/i-tried-codex-spark-5-3/work/atomic-acres-pass71-recovery	contrib/dave-gaming-pc/codex/pass71-recovery-20260816	bba76d85	0	37	yes	real	-	1	yes	yes	no	no	B_installed_onedist
C:/Users/david/Documents/Codex/2026-08-19/contrib/dave-gaming-pc/hermes/pass72-future-features	contrib/dave-gaming-pc/hermes/pass72-future-features-20260819	db9fade5	0	24	yes	real	-	1	yes	yes	no	yes	B_installed_onedist
C:/Users/david/Documents/Codex/2026-08-20/ato/work/pass63-timestamp-validation-ac85e9b8	(detached)	ac85e9b8	0	0	yes	real	-	1	yes	no	no	yes	B_installed_onedist
C:/Users/david/Documents/Codex/2026-08-20/ato/work/pass72-1-behavioral-corrections	contrib/dave-gaming-pc/codex/pass72-1-behavioral-corrections-20260821	2a8242d8	0	402	yes	real	-	1	yes	yes	yes	yes	B_installed_onedist
C:/Users/david/Documents/Codex/2026-08-20/ato/work/pass72-integration-review	contrib/dave-gaming-pc/codex/pass72-integration-review-20260820	b3748f9e	0	27	yes	real	-	1	yes	yes	no	yes	B_installed_onedist
C:/Users/david/Documents/Codex/2026-08-20/ato/work/pass73-arms-collision-matrix	contrib/dave-gaming-pc/codex/pass73-arms-collision-matrix-20260821	03a0f26e	0	200	yes	real	-	1	yes	yes	no	no	B_installed_onedist
C:/Users/david/Documents/Codex/2026-08-20/ato/work/pass73-ci-gate-integration	contrib/dave-gaming-pc/codex/pass73-ci-gate-integration-20260821	606c0a5a	0	0	no	-	-	0	yes	no	no	no	D_noinstall_dist
C:/Users/david/Documents/Codex/2026-08-20/ato/work/pass73-collision-route-authority	contrib/dave-gaming-pc/codex/pass73-collision-route-authority-20260821	a7ee9534	0	15	yes	link	/c/Users/david/Documents/Codex/2026-08-20/ato/work/pass72-1-behavioral-corrections/node_modules	1	yes	yes	no	no	B_installed_onedist
C:/Users/david/Documents/Codex/2026-08-20/ato/work/pass73-combat-network-authority	contrib/dave-gaming-pc/codex/pass73-combat-network-authority-20260821	29b7a09d	0	30	yes	link	/c/Users/david/Documents/Codex/2026-08-20/ato/work/pass72-1-behavioral-corrections/node_modules	0	yes	yes	no	no	C_installed_nodist
C:/Users/david/Documents/Codex/2026-08-20/ato/work/pass73-critic-42d0f48b	(detached)	42d0f48b	0	0	no	-	-	0	yes	no	no	yes	D_noinstall_dist
C:/Users/david/Documents/Codex/2026-08-20/ato/work/pass73-evidence-ledger	contrib/dave-gaming-pc/codex/pass73-evidence-ledger-20260821	bab4559e	0	2	no	-	-	0	yes	yes	no	no	D_noinstall_dist
C:/Users/david/Documents/Codex/2026-08-20/ato/work/pass73-firefox-gate-audit	contrib/dave-gaming-pc/codex/pass73-firefox-gate-audit-20260821	34c4fbbd	0	3	yes	real	-	1	yes	yes	no	no	B_installed_onedist
C:/Users/david/Documents/Codex/2026-08-20/ato/work/pass73-gameplay-regressions	contrib/dave-gaming-pc/codex/pass73-gameplay-regressions-20260821	9f96d2b1	0	5	yes	link	/c/Users/david/Documents/Codex/2026-08-20/ato/work/pass72-1-behavioral-corrections/node_modules	1	yes	yes	no	no	B_installed_onedist
C:/Users/david/Documents/Codex/2026-08-20/ato/work/pass73-grenade-native-gate	contrib/dave-gaming-pc/codex/pass73-grenade-native-gate-20260821	de45bdbe	0	11	yes	real	-	1	yes	yes	no	no	B_installed_onedist
C:/Users/david/Documents/Codex/2026-08-20/ato/work/pass73-hitl-release	contrib/dave-gaming-pc/codex/pass73-hitl-release-20260821	81920310	0	9	no	-	-	0	yes	yes	no	no	D_noinstall_dist
C:/Users/david/Documents/Codex/2026-08-20/ato/work/pass73-installed-firefox-active	contrib/dave-gaming-pc/codex/pass73-installed-firefox-active-20260821	3a066b49	0	2	yes	link	/c/Users/david/projects/atomic-acres-production-27e0858/node_modules	1	yes	yes	no	no	B_installed_onedist
C:/Users/david/Documents/Codex/2026-08-20/ato/work/pass73-live-graphics-gate	contrib/dave-gaming-pc/codex/pass73-live-graphics-harden-20260821	00a01550	0	3	yes	real	-	1	yes	yes	no	no	B_installed_onedist
C:/Users/david/Documents/Codex/2026-08-20/ato/work/pass73-native-ads-reveal	contrib/dave-gaming-pc/codex/pass73-native-ads-reveal-20260821	3e44fd7c	0	4	yes	link	/c/Users/david/Documents/Codex/2026-08-20/ato/work/pass72-1-behavioral-corrections/node_modules	1	yes	yes	no	no	B_installed_onedist
C:/Users/david/Documents/Codex/2026-08-20/ato/work/pass73-network-reveal-gate	contrib/dave-gaming-pc/codex/pass73-network-reveal-gate-20260821	f337ae14	0	662	yes	real	-	1	yes	yes	no	no	B_installed_onedist
C:/Users/david/Documents/Codex/2026-08-20/ato/work/pass73-release-topology	contrib/dave-gaming-pc/codex/pass73-release-topology-20260821	d63111b6	0	18	yes	real	-	1	yes	yes	no	no	B_installed_onedist
C:/Users/david/Documents/Codex/2026-08-20/ato/work/pass73-renderer-viewmodel	contrib/dave-gaming-pc/codex/pass73-renderer-viewmodel-20260821	c5b6cc5a	0	30	yes	link	/c/Users/david/Documents/Codex/2026-08-20/ato/work/pass72-1-behavioral-corrections/node_modules	1	yes	yes	no	no	B_installed_onedist
C:/Users/david/Documents/Codex/2026-08-20/ato/work/pass74-next	contrib/dave-gaming-pc/codex/pass74-next	0d1ff896	0	9	yes	real	-	1	yes	yes	no	no	B_installed_onedist
C:/Users/david/Documents/Codex/2026-08-22/atomic-acres-pass75-swarm-04/work/aa-pass75-identity-diagnostics	contrib/dave-gaming-pc/codex/pass75-high-seas-identity-diagnostics-r3	e30af365	0	0	no	-	-	0	yes	no	no	no	D_noinstall_dist
C:/Users/david/Documents/Codex/2026-08-22/atomic-acres-pass75-swarm-07/work/aa-pass75-audio	contrib/dave-gaming-pc/codex/pass75-high-seas-audio-audit	e30af365	0	1	no	-	-	0	yes	yes	no	no	D_noinstall_dist
C:/Users/david/Documents/Codex/2026-08-22/for/work/aa-pass75-geometry	contrib/dave-gaming-pc/codex/pass75-hijacked-geometry	bae724e8	0	0	no	-	-	0	yes	no	no	no	D_noinstall_dist
C:/Users/david/Documents/Codex/2026-08-22/for/work/aa-pass75-hijacked	contrib/dave-gaming-pc/codex/pass75-hijacked-yacht	b1187ea4	0	20	yes	real	-	1	yes	yes	no	yes	B_installed_onedist
C:/Users/david/Documents/Codex/2026-08-22/for/work/aa-pass75-mobile-gauntlet-b1187ea	contrib/dave-gaming-pc/codex/pass75-mobile-compact-six-card-fix	19d6586d	0	14	yes	link	/c/Users/david/Documents/Codex/2026-08-22/for/work/aa-pass75-hijacked/node_modules	1	yes	yes	no	no	B_installed_onedist
C:/Users/david/Documents/Codex/2026-08-22/for/work/aa-pass75-preview-lane	contrib/dave-gaming-pc/codex/pass75-high-seas-preview-provenance	58e1817d	0	242	yes	link	/c/Users/david/Documents/Codex/2026-08-22/for/work/aa-pass75-hijacked/node_modules	0	yes	yes	no	no	C_installed_nodist
C:/Users/david/Documents/Codex/2026-08-22/for/work/aa-pass75-systems	contrib/dave-gaming-pc/codex/pass75-hijacked-systems	555d1a54	0	0	yes	real	-	0	yes	no	no	no	C_installed_nodist
C:/Users/david/Documents/Codex/2026-08-22/for/work/aa-pass75-verifier	contrib/dave-gaming-pc/codex/pass75-hijacked-verification	fe813009	0	0	yes	real	-	0	yes	no	no	no	C_installed_nodist
C:/Users/david/Documents/Codex/aa65audit	contrib/dave-gaming-pc/codex/pass65-hf-completeness-graph	c4d5e17f	0	16	yes	link	/c/Users/david/Documents/Codex/2026-07-25/prepare-a-large-and-elaborate-plan/work/atomic-acres-pass65-integration/node_modules	1	yes	yes	no	no	B_installed_onedist
C:/Users/david/Documents/Codex/aa65auth	contrib/dave-gaming-pc/codex/pass65-support-authority-reconcile	f2ff7d82	0	0	yes	link	/c/Users/david/Documents/Codex/2026-07-25/prepare-a-large-and-elaborate-plan/work/atomic-acres-pass65-integration/node_modules	0	yes	no	no	no	C_installed_nodist
C:/Users/david/Documents/Codex/aa65destruct	contrib/dave-gaming-pc/codex/pass65-destruction-material-parity	662f2b22	0	8	yes	link	/c/Users/david/Documents/Codex/2026-07-25/prepare-a-large-and-elaborate-plan/work/atomic-acres-pass65-integration/node_modules	0	yes	yes	no	no	C_installed_nodist
C:/Users/david/Documents/Codex/aa65flash	contrib/dave-gaming-pc/codex/pass65-flash-authority-audio	9ea99362	0	4	yes	link	/c/Users/david/Documents/Codex/2026-07-25/prepare-a-large-and-elaborate-plan/work/atomic-acres-pass65-integration/node_modules	1	yes	yes	no	no	B_installed_onedist
C:/Users/david/Documents/Codex/aa65gtao	contrib/dave-gaming-pc/codex/pass65-webgpu-gtao	0d0272ec	0	7	yes	link	/c/Users/david/Documents/Codex/2026-07-25/prepare-a-large-and-elaborate-plan/work/atomic-acres-pass65-integration/node_modules	1	yes	yes	no	no	B_installed_onedist
C:/Users/david/Documents/Codex/aa65hitl	contrib/dave-gaming-pc/codex/pass65-hitl-identity	180ed738	0	7	yes	real	-	1	yes	yes	no	no	B_installed_onedist
C:/Users/david/Documents/Codex/aa65ksb	contrib/dave-gaming-pc/codex/pass65-killstreak-blockers	2d52aeae	2	5	yes	link	/c/Users/david/Documents/Codex/2026-07-25/prepare-a-large-and-elaborate-plan/work/atomic-acres-pass65-integration/node_modules	1	yes	yes	no	no	B_installed_onedist
C:/Users/david/Documents/Codex/aa65markers	contrib/dave-gaming-pc/codex/pass65-targeting-markers-railgun	4f4c94d2	0	20	yes	link	/c/Users/david/Documents/Codex/2026-07-25/prepare-a-large-and-elaborate-plan/work/atomic-acres-pass65-integration/node_modules	0	yes	yes	no	no	C_installed_nodist
C:/Users/david/Documents/Codex/aa65operator	contrib/dave-gaming-pc/codex/pass65-operator-visual-gate	c62cd6a0	0	22	yes	link	/c/Users/david/Documents/Codex/aa65smoke/node_modules	1	yes	yes	yes	no	B_installed_onedist
C:/Users/david/Documents/Codex/aa65pab	contrib/dave-gaming-pc/codex/pass65-presentation-audio-blockers	4189aee3	0	6	yes	link	/c/Users/david/projects/atomic-acres-browser-arena/node_modules	1	yes	yes	no	no	B_installed_onedist
C:/Users/david/Documents/Codex/aa65preview	contrib/dave-gaming-pc/codex/pass65-preview-choreography	addb62c5	0	782	yes	real	-	0	yes	yes	no	no	C_installed_nodist
C:/Users/david/Documents/Codex/aa65rail	contrib/dave-gaming-pc/codex/pass65-railgun-authoritative-visual	bec7fd73	0	7	yes	link	/c/Users/david/Documents/Codex/2026-07-25/prepare-a-large-and-elaborate-plan/work/atomic-acres-pass65-integration/node_modules	1	yes	yes	no	no	B_installed_onedist
C:/Users/david/Documents/Codex/aa65sas	contrib/dave-gaming-pc/codex/pass65-sensory-audio-settings-v2	97742072	0	32	yes	link	/c/Users/david/projects/atomic-acres-production-27e0858/node_modules	1	yes	yes	no	no	B_installed_onedist
C:/Users/david/Documents/Codex/aa65shed	contrib/dave-gaming-pc/codex/pass65-shed-release-blockers	c307ecb9	1	6	yes	link	/c/Users/david/Documents/Codex/2026-07-25/prepare-a-large-and-elaborate-plan/work/atomic-acres-pass65-integration/node_modules	1	yes	yes	no	no	B_installed_onedist
C:/Users/david/Documents/Codex/aa65smoke	contrib/dave-gaming-pc/codex/pass65-smoke-authority	f5c7d68f	0	5	yes	link	/c/Users/david/Documents/Codex/2026-07-25/prepare-a-large-and-elaborate-plan/work/atomic-acres-pass65-integration/node_modules	1	yes	yes	no	no	B_installed_onedist
C:/Users/david/Documents/Codex/aa65vehicles	contrib/dave-gaming-pc/codex/pass65-production-vehicles	5f4d7715	0	626	yes	real	-	1	yes	yes	no	no	B_installed_onedist
C:/Users/david/projects/aa-artstyle-cap	(detached)	3b79d9a2	4	0	yes	link	/c/Users/david/projects/atomic-acres-pass74/node_modules	2	yes	no	no	yes	A_installed_multidist
C:/Users/david/projects/aa-base-c736d48c	(detached)	c736d48c	1	1	yes	link	/c/Users/david/projects/atomic-acres-gauntlet/node_modules	28	yes	yes	no	yes	A_installed_multidist
C:/Users/david/projects/aa-baseline-hf396	(detached)	a764005c	0	1	no	-	-	7	yes	yes	no	yes	D_noinstall_dist
C:/Users/david/projects/aa-bisect-c736d48c-omp79	(detached)	c736d48c	1	1	yes	link	/c/Users/david/projects/atomic-acres-gauntlet/node_modules	28	yes	yes	no	yes	A_installed_multidist
C:/Users/david/projects/aa-claude-arms	contrib/dave-gaming-pc/claude/hf413-arms-animations	fce720d8	0	278	yes	link	/c/Users/david/projects/aa-omp-pass84/node_modules	0	yes	yes	no	no	C_installed_nodist
C:/Users/david/projects/aa-claude-bus	contrib/dave-gaming-pc/claude/bus-doors-interior	75a4e508	0	55	no	-	-	0	yes	no	no	yes	D_noinstall_dist
C:/Users/david/projects/aa-claude-chopper	contrib/dave-gaming-pc/claude/hf401-chopper-pilot	6e00ce7e	0	26	yes	real	-	1	yes	yes	no	no	B_installed_onedist
C:/Users/david/projects/aa-claude-corpus	contrib/dave-gaming-pc/claude/qa-corpus-streamline	462b5687	8	106	yes	real	-	1	yes	yes	no	no	B_installed_onedist
C:/Users/david/projects/aa-claude-dropshot	contrib/dave-gaming-pc/claude/hf412-drop-shot	bd68c82b	0	95	yes	link	/c/Users/david/projects/aa-omp-pass84/node_modules	1	yes	yes	no	no	B_installed_onedist
C:/Users/david/projects/aa-claude-eyeclear	contrib/dave-gaming-pc/claude/eye-clearance-triage	7b05a660	6	134	yes	real	-	1	yes	yes	no	no	B_installed_onedist
C:/Users/david/projects/aa-claude-gamepad	contrib/dave-gaming-pc/claude/gamepad-aim-assist	a49d92d4	0	20	yes	link	/c/Users/david/projects/aa-omp-pass84/node_modules	1	yes	yes	no	yes	B_installed_onedist
C:/Users/david/projects/aa-claude-hf395	contrib/dave-gaming-pc/claude/hf395-396-viewmodel	f9c6379b	0	212	yes	real	-	1	yes	yes	no	no	B_installed_onedist
C:/Users/david/projects/aa-claude-hf399	contrib/dave-gaming-pc/claude/hf399-fps-regression	b0deba94	0	342	yes	link	/c/Users/david/projects/aa-omp-pass84/node_modules	4	yes	yes	no	yes	A_installed_multidist
C:/Users/david/projects/aa-claude-hf402	contrib/dave-gaming-pc/claude/hf402-spawn-layouts	a3f55846	0	116	yes	link	/c/Users/david/projects/aa-omp-pass83/node_modules	1	yes	yes	no	yes	B_installed_onedist
C:/Users/david/projects/aa-claude-ibl	contrib/dave-gaming-pc/claude/ibl-first-arena	683f28aa	0	211	yes	real	-	1	yes	yes	no	no	B_installed_onedist
C:/Users/david/projects/aa-claude-loadcut	contrib/dave-gaming-pc/claude/load-time-deep-cut	b082bc83	4	60	yes	link	/c/Users/david/projects/aa-omp-pass84/node_modules	1	yes	yes	no	no	B_installed_onedist
C:/Users/david/projects/aa-claude-mplab	contrib/dave-gaming-pc/claude/hf403-mp-lab	05d15810	0	178	yes	real	-	1	yes	yes	no	yes	B_installed_onedist
C:/Users/david/projects/aa-claude-nuketown	contrib/dave-gaming-pc/claude/nuketown-rejig	8d74618e	0	371	yes	link	/c/Users/david/projects/aa-omp-pass84/node_modules	1	yes	yes	no	no	B_installed_onedist
C:/Users/david/projects/aa-claude-parity	contrib/dave-gaming-pc/claude/hf411-walkable-parity	a105c944	0	77	yes	link	/c/Users/david/projects/aa-omp-pass84/node_modules	1	yes	yes	no	no	B_installed_onedist
C:/Users/david/projects/aa-claude-raid	contrib/dave-gaming-pc/claude/raid-art-pass	75a4e508	0	55	no	-	-	0	yes	no	no	yes	D_noinstall_dist
C:/Users/david/projects/aa-claude-release84	contrib/dave-gaming-pc/claude/pass84-release-prep	9da6a1bf	0	36	yes	link	/c/Users/david/projects/aa-omp-pass84/node_modules	0	yes	yes	no	yes	C_installed_nodist
C:/Users/david/projects/aa-claude-wprep	contrib/dave-gaming-pc/claude/hf410-integration-prep	21730228	3	277	yes	link	/c/Users/david/projects/aa-omp-pass84/node_modules	3	yes	yes	no	no	A_installed_multidist
C:/Users/david/projects/aa-claude-xbrowser	contrib/dave-gaming-pc/claude/hf404-cross-browser-smooth	860019c8	0	138	yes	real	-	1	yes	yes	no	no	B_installed_onedist
C:/Users/david/projects/aa-critic-hijacked	(detached)	0dc1099c	2	1	yes	link	/c/Users/david/projects/atomic-acres-gauntlet/node_modules	36	yes	yes	no	yes	A_installed_multidist
C:/Users/david/projects/aa-farcrysis-load	contrib/dave-gaming-pc/claude/farcrysis-playable-preview	4331ae0f	2	156	yes	real	-	1	yes	yes	no	no	B_installed_onedist
C:/Users/david/projects/aa-gemini-audit	(detached)	75a4e508	1	58	yes	link	/c/Users/david/projects/aa-omp-pass84/node_modules	0	yes	yes	no	yes	C_installed_nodist
C:/Users/david/projects/aa-lane-ballistics	lane/aa-lane-ballistics-20260828	1d37e17f	0	5	yes	real	-	0	yes	yes	no	yes	C_installed_nodist
C:/Users/david/projects/aa-lane-grassmtn	lane/aa-lane-grassmtn-20260828	cee9230a	0	20	yes	real	-	2	yes	yes	no	yes	A_installed_multidist
C:/Users/david/projects/aa-map3	contrib/dave-gaming-pc/claude/map3-demo-showcase	cfce66a5	3	545	yes	link	/c/Users/david/projects/atomic-acres-gauntlet/node_modules	1	yes	yes	no	no	B_installed_onedist
C:/Users/david/projects/aa-map3-laneV-verify	(detached)	cfce66a5	0	127	yes	link	/c/Users/david/projects/aa-map3/node_modules	1	yes	yes	no	no	B_installed_onedist
C:/Users/david/projects/aa-omp-pass82	contrib/dave-gaming-pc/omp/pass82-freeze-fixes	db969405	0	10	yes	real	-	2	yes	yes	no	yes	A_installed_multidist
C:/Users/david/projects/aa-omp-pass82/.gh-pages-publish	(detached)	302c1f45	0	0	no	-	-	0	no	no	no	no	E_noinstall_nodist
C:/Users/david/projects/aa-omp-pass83	contrib/dave-gaming-pc/omp/pass83-lobby-identity	e046c130	0	12	yes	real	-	2	yes	yes	no	yes	A_installed_multidist
C:/Users/david/projects/aa-omp-pass83/.gh-pages-publish	(detached)	718a5295	0	0	no	-	-	0	no	no	no	no	E_noinstall_nodist
C:/Users/david/projects/aa-omp-pass84	contrib/dave-gaming-pc/omp/pass84-overnight	c75c452f	0	172	yes	real	-	3	yes	yes	no	no	A_installed_multidist
C:/Users/david/projects/aa-omp-pass84/.gh-pages-publish	(detached)	ef6b6447	0	0	no	-	-	0	no	no	no	no	E_noinstall_nodist
C:/Users/david/projects/aa-pass80-hotfix	hotfix/pass80-hide-farcrysis	e7317146	0	11	yes	link	/c/Users/david/projects/atomic-acres-gauntlet/node_modules	1	yes	yes	no	no	B_installed_onedist
C:/Users/david/projects/aa-pass80-hotfix/.gh-pages-publish	(detached)	ed5bef6c	0	0	no	-	-	0	no	no	no	no	E_noinstall_nodist
C:/Users/david/projects/aa-tint-bisect	(detached)	506d6142	0	0	yes	link	/c/Users/david/projects/atomic-acres-gauntlet/node_modules	0	yes	no	no	yes	C_installed_nodist
C:/Users/david/projects/atomic-acres-aesthetic-overhaul-20260722	codex/atomic-acres-aesthetic-overhaul-20260722	018ca5b2	0	1	yes	real	-	1	yes	yes	no	no	B_installed_onedist
C:/Users/david/projects/atomic-acres-audit-6b0495d-20260722	(detached)	6b0495da	0	0	yes	real	-	1	yes	no	no	yes	B_installed_onedist
C:/Users/david/projects/atomic-acres-ci-evidence-timeouts-20260722	desky/ci-evidence-timeouts-20260722	ece5d639	1	7	yes	real	-	1	yes	yes	yes	no	B_installed_onedist
C:/Users/david/projects/atomic-acres-ci-hardening-20260722	contrib/dave-gaming-pc/codex/ci-release-pipeline	044d61d1	0	11	yes	real	-	1	yes	yes	no	yes	B_installed_onedist
C:/Users/david/projects/atomic-acres-codex-multiplayer-20260722	codex/multiplayer-refinement-20260722	b09ad068	0	10	yes	real	-	1	yes	yes	yes	no	B_installed_onedist
C:/Users/david/projects/atomic-acres-codex-player-feedback-20260722	contrib/dave-gaming-pc/codex/player-feedback-20260722	d5d856c0	0	21	yes	link	/c/Users/david/projects/atomic-acres-browser-arena/node_modules	1	yes	yes	yes	yes	B_installed_onedist
C:/Users/david/projects/atomic-acres-desky-backlog-86dc167	desky/atomic-acres-backlog-86dc167	305e8fe2	0	14	yes	real	-	1	yes	yes	yes	yes	B_installed_onedist
C:/Users/david/projects/atomic-acres-final-publish-45a6a37	(detached)	45a6a373	0	0	yes	real	-	1	yes	no	no	yes	B_installed_onedist
C:/Users/david/projects/atomic-acres-gauntlet	gauntlet/pass79-omp-20260823	b138b9c0	0	30591	yes	real	-	64	yes	yes	no	yes	A_installed_multidist
C:/Users/david/projects/atomic-acres-gauntlet/.gauntlet-tmp/hf387-prefix-wt	(detached)	eafdf371	0	1	no	-	-	7	yes	yes	no	yes	D_noinstall_dist
C:/Users/david/projects/atomic-acres-gauntlet/.gauntlet-tmp/wt-head	(detached)	44152b86	3	1	yes	real	-	36	yes	yes	no	yes	A_installed_multidist
C:/Users/david/projects/atomic-acres-gauntlet/.gh-pages-publish	(detached)	2c2f4ede	0	0	no	-	-	0	no	no	no	no	E_noinstall_nodist
C:/Users/david/projects/atomic-acres-gemini-workhorse-20260722	desky/gemini-workhorse-pass56-20260722	7958c9f1	0	0	no	-	-	0	yes	no	no	yes	D_noinstall_dist
C:/Users/david/projects/atomic-acres-gh-pages-45a6a37	desky/final-publish-45a6a37	334e12e4	0	0	no	-	-	0	no	no	no	no	E_noinstall_nodist
C:/Users/david/projects/atomic-acres-gh-pages-v68-live	desky/gh-pages-v68-live	d52a7d0e	0	0	no	-	-	0	no	no	no	no	E_noinstall_nodist
C:/Users/david/projects/atomic-acres-highseas	integration/pass74-plus-high-seas-20260822	ad30b2e2	1	2611	yes	link	/c/Users/david/projects/atomic-acres-pass74/node_modules	4	yes	yes	no	no	A_installed_multidist
C:/Users/david/projects/atomic-acres-main-ci-hotfix-20260722	agent/main-ci-hotfix-20260722	fadf0e8b	0	0	yes	real	-	1	yes	no	no	yes	B_installed_onedist
C:/Users/david/projects/atomic-acres-pass59-20260723	contrib/dave-gaming-pc/hermes/pass59-network-gameplay-maps-ui	8a4b674e	0	32	yes	real	-	1	yes	yes	yes	yes	B_installed_onedist
C:/Users/david/projects/atomic-acres-pass59-ci-fix-20260723	contrib/dave-gaming-pc/hermes/pass59-ci-determinism	72ab2684	0	10	yes	real	-	1	yes	yes	yes	yes	B_installed_onedist
C:/Users/david/projects/atomic-acres-pass59-favicon-20260723	contrib/dave-gaming-pc/hermes/pass59-favicon-console-hygiene	d8af62db	0	2	yes	real	-	1	yes	yes	no	yes	B_installed_onedist
C:/Users/david/projects/atomic-acres-pass59-menu-baseline-20260723	contrib/dave-gaming-pc/hermes/pass59-menu-baseline-normalization	ad3a67d3	0	4	yes	real	-	1	yes	yes	no	yes	B_installed_onedist
C:/Users/david/projects/atomic-acres-pass59-release-metadata-20260723	contrib/dave-gaming-pc/hermes/pass59-release-metadata	ed9e126d	0	14	yes	real	-	1	yes	yes	yes	yes	B_installed_onedist
C:/Users/david/projects/atomic-acres-pass60-acres-ui-uav-20260723	agent/pass60-acres-ui-uav-20260723	0fb1aafd	0	15	yes	real	-	1	yes	yes	no	no	B_installed_onedist
C:/Users/david/projects/atomic-acres-pass60-feedback-20260723	contrib/dave-gaming-pc/codex/pass60-feedback	dbe8ed56	0	56	yes	real	-	1	yes	yes	yes	yes	B_installed_onedist
C:/Users/david/projects/atomic-acres-pass60-release-metadata-20260723	contrib/dave-gaming-pc/codex/pass60-release-metadata	fd8cef33	0	34	yes	real	-	1	yes	yes	no	yes	B_installed_onedist
C:/Users/david/projects/atomic-acres-pass60-rustworks-20260723	agent/pass60-rustworks-20260723	ca205f8f	0	12	yes	link	/c/Users/david/projects/atomic-acres-pass60-feedback-20260723/node_modules	1	yes	yes	yes	no	B_installed_onedist
C:/Users/david/projects/atomic-acres-pass60-terminal-20260723	contrib/dave-gaming-pc/codex/pass60-terminal-overhaul	721afd43	0	16	yes	real	-	1	yes	yes	no	no	B_installed_onedist
C:/Users/david/projects/atomic-acres-pass61-experimental-netcode-20260724	contrib/dave-gaming-pc/codex/pass61-release-browser-prereq	e0e977d5	0	41	yes	real	-	1	yes	yes	yes	yes	B_installed_onedist
C:/Users/david/projects/atomic-acres-pass61-lighting-reference-20260724	(detached)	11f6141a	0	0	yes	real	-	0	yes	no	no	yes	C_installed_nodist
C:/Users/david/projects/atomic-acres-pass62-gameplay-20260724	contrib/dave-gaming-pc/codex/pass62-gameplay-reconciliation	3aad07cf	0	100	yes	real	-	1	yes	yes	yes	yes	B_installed_onedist
C:/Users/david/projects/atomic-acres-pass62-graphics-refinement-20260724	contrib/dave-gaming-pc/codex/pass62-graphics-refinement	f2a675c3	0	14	yes	real	-	1	yes	yes	no	yes	B_installed_onedist
C:/Users/david/projects/atomic-acres-pass62-offline-integration-20260724	contrib/dave-gaming-pc/codex/pass62-offline-integration	005e44f6	0	53	yes	real	-	1	yes	yes	yes	yes	B_installed_onedist
C:/Users/david/projects/atomic-acres-pass63-atomic-visuals-20260724	contrib/dave-gaming-pc/codex/pass63-atomic-visuals	2e9e413e	0	11	yes	real	-	1	yes	yes	no	no	B_installed_onedist
C:/Users/david/projects/atomic-acres-pass63-cleanup-20260724	contrib/dave-gaming-pc/codex/pass63-cleanup	9ab0f302	0	138	yes	real	-	1	yes	yes	yes	no	B_installed_onedist
C:/Users/david/projects/atomic-acres-pass63-rollback-rebuild-test	(detached)	ac85e9b8	0	0	yes	real	-	1	yes	no	no	yes	B_installed_onedist
C:/Users/david/projects/atomic-acres-pass63-terminal-visuals-20260724	contrib/dave-gaming-pc/codex/pass63-terminal-visuals	8bf104d3	0	10	yes	real	-	1	yes	yes	no	no	B_installed_onedist
C:/Users/david/projects/atomic-acres-pass63-text-chat-20260724	contrib/dave-gaming-pc/codex/pass63-text-chat	a42dd99a	0	3	yes	real	-	1	yes	yes	no	no	B_installed_onedist
C:/Users/david/projects/atomic-acres-pass67-stable-rebuild-test	(detached)	8c3ad1cd	0	0	yes	real	-	1	yes	no	no	yes	B_installed_onedist
C:/Users/david/projects/atomic-acres-pass68-chooser-labels	contrib/dave-gaming-pc/hermes/pass68-chooser-labels	1383a615	0	2	yes	real	-	0	yes	yes	no	no	C_installed_nodist
C:/Users/david/projects/atomic-acres-pass68-final-verification	verify/pass68-final-verification	2df960ed	0	2	yes	real	-	1	yes	yes	no	yes	B_installed_onedist
C:/Users/david/projects/atomic-acres-pass68-historical-timestamp-gate	contrib/dave-gaming-pc/hermes/pass68-historical-timestamp-gate	aa1b71d4	0	3	yes	real	-	1	yes	yes	no	no	B_installed_onedist
C:/Users/david/projects/atomic-acres-pass68-legacy-alias	contrib/dave-gaming-pc/hermes/pass68-legacy-alias	d5de861f	0	1	yes	real	-	0	yes	yes	no	no	C_installed_nodist
C:/Users/david/projects/atomic-acres-pass68-release-workflow-fix	contrib/dave-gaming-pc/hermes/pass68-release-workflow-fix	ba2fa174	0	0	yes	real	-	0	yes	no	no	yes	C_installed_nodist
C:/Users/david/projects/atomic-acres-pass68-stable-changelog-id	contrib/dave-gaming-pc/hermes/pass68-stable-changelog-id	b2439d8e	0	1	yes	real	-	0	yes	yes	no	no	C_installed_nodist
C:/Users/david/projects/atomic-acres-pass68-topology-label-fix	contrib/dave-gaming-pc/hermes/pass68-topology-label-fix	854b6f96	0	3	yes	real	-	0	yes	yes	no	no	C_installed_nodist
C:/Users/david/projects/atomic-acres-pass69-1-mobile-controls	contrib/dave-gaming-pc/hermes/pass69-1-mobile-controls	71d0e7ed	0	23	yes	real	-	1	yes	yes	no	yes	B_installed_onedist
C:/Users/david/projects/atomic-acres-pass69-2-audit	(detached)	cd99571c	0	42	yes	real	-	1	yes	yes	no	yes	B_installed_onedist
C:/Users/david/projects/atomic-acres-pass69-2-runtime	contrib/dave-gaming-pc/hermes/pass69-2-runtime	b25df9da	0	1293	yes	real	-	1	yes	yes	no	no	B_installed_onedist
C:/Users/david/projects/atomic-acres-pass69-arms	contrib/dave-gaming-pc/hermes/pass69-arms	612ad227	0	59	yes	real	-	1	yes	yes	no	no	B_installed_onedist
C:/Users/david/projects/atomic-acres-pass69-art	contrib/dave-gaming-pc/hermes/pass69-art-lane	d9b3176e	0	2	yes	real	-	1	yes	yes	no	no	B_installed_onedist
C:/Users/david/projects/atomic-acres-pass69-candidate	contrib/dave-gaming-pc/hermes/pass69-hidden-farcrysis	83395da4	0	0	yes	real	-	0	yes	no	no	no	C_installed_nodist
C:/Users/david/projects/atomic-acres-pass69-chopper	contrib/dave-gaming-pc/hermes/pass69-chopper	6e6a4b5f	0	4	yes	real	-	1	yes	yes	no	no	B_installed_onedist
C:/Users/david/projects/atomic-acres-pass69-field-kit	contrib/dave-gaming-pc/hermes/pass69-field-kit	a1513da9	0	9	yes	real	-	1	yes	yes	no	no	B_installed_onedist
C:/Users/david/projects/atomic-acres-pass69-inspect	(detached)	c47335b3	2	0	yes	real	-	1	yes	no	no	no	B_installed_onedist
C:/Users/david/projects/atomic-acres-pass69-integrated	contrib/dave-gaming-pc/hermes/pass69-integrated	739807e6	0	29	yes	real	-	1	yes	yes	no	yes	B_installed_onedist
C:/Users/david/projects/atomic-acres-pass69-mobile-desktop-reconciliation	contrib/dave-gaming-pc/hermes/pass69-mobile-desktop-reconciliation	97c1a084	0	82	yes	real	-	1	yes	yes	no	yes	B_installed_onedist
C:/Users/david/projects/atomic-acres-pass69-release-shell	contrib/dave-gaming-pc/hermes/pass69-release-shell	60cd8e6d	0	32	yes	real	-	1	yes	yes	yes	yes	B_installed_onedist
C:/Users/david/projects/atomic-acres-pass74	contrib/dave-gaming-pc/claude/pass74-20260821	97654025	0	84	yes	real	-	1	yes	yes	no	yes	B_installed_onedist
C:/Users/david/projects/atomic-acres-pass74-skins	contrib/dave-gaming-pc/claude/pass74-skins-lane	b1f0bac5	0	34	yes	real	-	1	yes	yes	no	yes	B_installed_onedist
C:/Users/david/projects/atomic-acres-pr8-audit-20260722	(detached)	655a35a1	0	4	yes	real	-	1	yes	yes	yes	yes	B_installed_onedist
C:/Users/david/projects/atomic-acres-production-27e0858	main	249a7ee7	1670	23	yes	real	-	1	yes	yes	yes	yes	B_installed_onedist
C:/Users/david/projects/atomic-acres-production-release-timestamp	contrib/dave-gaming-pc/hermes/production-release-timestamp	03c470e7	0	6	yes	real	-	1	yes	yes	no	yes	B_installed_onedist
C:/Users/david/projects/atomic-acres-release-4941549	agent/pass57-release-metadata-20260722	76dde017	0	0	yes	real	-	1	yes	no	no	yes	B_installed_onedist
C:/Users/david/projects/atomic-acres-release-6b0495d	(detached)	6b0495da	0	0	yes	real	-	1	yes	no	no	yes	B_installed_onedist
C:/Users/david/projects/atomic-acres-release-atomic-20260722	contrib/dave-gaming-pc/codex/atomic-acres-aesthetic-overhaul	edb15dd1	0	10	yes	real	-	1	yes	yes	yes	yes	B_installed_onedist
C:/Users/david/projects/atomic-acres-release-integration-20260722	contrib/dave-gaming-pc/codex/release-integration-20260722	a06c5040	0	14	yes	real	-	1	yes	yes	yes	no	B_installed_onedist
C:/Users/david/projects/atomic-acres-release-method-v2-20260723	contrib/dave-gaming-pc/codex/release-method-v2	56010706	0	5	yes	real	-	1	yes	yes	no	yes	B_installed_onedist
C:/Users/david/projects/atomic-acres-release-rustworks-20260722	contrib/dave-gaming-pc/codex/rustworks-tower-overhaul	d6ac7885	0	1	no	-	-	0	yes	yes	no	yes	D_noinstall_dist
C:/Users/david/projects/atomic-acres-release-terminal-20260722	contrib/dave-gaming-pc/codex/skyline-terminal-overhaul	5fb048b0	0	8	yes	real	-	1	yes	yes	yes	yes	B_installed_onedist
C:/Users/david/projects/atomic-acres-release-verify-3bf3aa0	(detached)	1d830d70	0	26	yes	real	-	1	yes	yes	no	yes	B_installed_onedist
C:/Users/david/projects/atomic-acres-requirements-gate-20260724	contrib/dave-gaming-pc/codex/requirements-acceptance-gate	10f5847d	0	13	yes	real	-	1	yes	yes	no	yes	B_installed_onedist
C:/Users/david/projects/atomic-acres-review-pass52	(detached)	86dc167f	0	47	yes	real	-	1	yes	yes	yes	yes	B_installed_onedist
C:/Users/david/projects/atomic-acres-rig-deploy-20260722	(detached)	fadf0e8b	0	2	yes	real	-	1	yes	yes	no	yes	B_installed_onedist
C:/Users/david/projects/atomic-acres-rig-integration-20260722	agent/rig-weapon-hud-live-20260722	ff8efd50	0	20	yes	real	-	1	yes	yes	yes	no	B_installed_onedist
C:/Users/david/projects/atomic-acres-rustworks-operator-20260722	agent/rustworks-ocean-layout-20260722	655a35a1	0	8	yes	real	-	1	yes	yes	yes	yes	B_installed_onedist
C:/Users/david/projects/atomic-acres-sea-dragon-island-patrol	contrib/dave-gaming-pc/hermes/sea-dragon-island-patrol	55090261	4	20	yes	real	-	1	yes	yes	no	no	B_installed_onedist
C:/Users/david/projects/atomic-acres-shooting-range-20260722	codex/shooting-range-20260722	f427c571	0	2	yes	real	-	1	yes	yes	no	yes	B_installed_onedist
C:/Users/david/projects/atomic-acres-stable-last-release-timestamp	contrib/dave-gaming-pc/hermes/stable-last-release-timestamp	73cd5aaa	0	10	yes	real	-	1	yes	yes	no	yes	B_installed_onedist
C:/Users/david/projects/atomic-acres-terminal-polish-20260722	desky/terminal-polish-20260722	8d506009	0	0	yes	real	-	1	yes	no	no	yes	B_installed_onedist
C:/Users/david/projects/atomic-acres-test-arms-pick	test/pass66-arms-pick	2df960ed	0	0	no	-	-	0	yes	no	no	yes	D_noinstall_dist
C:/Users/david/projects/atomic-acres-test-chopper-assets	test/pass65-chopper-assets	2df960ed	0	0	no	-	-	0	yes	no	no	yes	D_noinstall_dist
C:/Users/david/projects/atomic-acres-v671-reconcile	contrib/dave-gaming-pc/hermes/main-v671-reconcile	8c3ad1cd	0	0	yes	real	-	0	yes	no	no	yes	C_installed_nodist
C:/Users/david/projects/atomic-acres-v68-browser-fixes	contrib/dave-gaming-pc/hermes/v68-browser-fixes	2db57f11	0	28	yes	real	-	1	yes	yes	no	yes	B_installed_onedist
C:/Users/david/projects/atomic-acres-v68-live-test	contrib/dave-gaming-pc/hermes/v68-live-test	5b65b308	4	0	yes	real	-	1	yes	no	no	yes	B_installed_onedist
C:/Users/david/projects/atomic-acres-v68-signal-admission	contrib/dave-gaming-pc/hermes/v68-signal-admission	ff4b5706	0	5	yes	real	-	0	yes	yes	no	yes	C_installed_nodist
C:/Users/david/projects/atomic-acres-verify-99da1d9	(detached)	99da1d92	1	172	yes	link	/c/Users/david/projects/atomic-acres-desky-backlog-86dc167/node_modules	1	yes	yes	yes	no	B_installed_onedist
C:/Users/david/projects/atomic-acres-verify-skyline-47c09fb	(detached)	47c09fb9	0	0	no	-	-	0	yes	no	no	yes	D_noinstall_dist
C:/Users/david/projects/atomic-acres-wallbang-20260722	codex/pass54-wall-penetration-20260722	f4fdd8a2	0	2	yes	real	-	1	yes	yes	no	yes	B_installed_onedist
C:/Users/david/projects/bisect-regression-team	(detached)	5ffa4f67	1	20	yes	link	/c/Users/david/projects/atomic-acres-gauntlet/node_modules	38	yes	yes	no	yes	A_installed_multidist
